Tempo(s),Setpoint(RPM),Vel(RPM),erro(RPM),Controle,AcaoP,AcaoI,AcaoD
2.2,153,0,153.00,0.00,91.80,76.50,1.22
2.3,149,12,136.69,169.52,82.01,144.85,-0.13
2.4,152,84,67.59,226.73,40.56,178.64,-0.55
2.5,150,137,12.84,218.64,7.70,185.06,-0.44
2.6,151,183,-31.88,192.32,-19.13,169.12,-0.36
2.8,150,190,-39.92,149.63,-23.95,149.16,-0.06
2.9,153,183,-29.88,125.14,-17.93,134.22,0.08
3.0,151,174,-23.09,116.37,-13.85,122.67,0.05
3.1,151,164,-12.54,108.87,-7.52,116.40,0.08
3.3,152,155,-2.75,108.96,-1.65,115.03,0.08
3.4,151,149,1.53,113.46,0.92,115.79,0.03
3.5,150,146,04.04,116.74,2.43,117.81,0.02
3.6,151,148,3.29,120.26,1.97,119.46,-0.01
3.8,151,151,-0.23,121.42,-0.14,119.34,-0.03
3.9,154,155,-0.75,119.17,-0.45,118.97,-0.00
4.0,152,158,-6.26,118.51,-3.76,115.83,-0.04
4.1,151,155,-3.75,112.03,-2.25,113.96,0.02
4.3,151,155,-3.75,111.73,-2.25,112.09,0.00
4.4,152,151,0.77,109.84,0.46,112.47,0.04
4.5,154,148,6.29,112.97,3.77,115.61,0.04
4.6,156,148,8.29,119.43,4.97,119.76,0.02
4.8,151,149,1.53,124.74,0.92,120.52,-0.05
4.9,154,155,-0.75,121.38,-0.45,120.15,-0.02
5.0,151,157,-5.51,119.68,-3.30,117.39,-0.04
5.1,151,158,-7.26,114.05,-4.36,113.76,-0.01
5.3,154,157,-2.51,109.39,-1.50,112.51,0.04
5.4,152,153,-0.99,111.04,-0.59,112.01,0.01
5.5,151,151,-0.23,111.43,-0.14,111.90,0.01
5.6,151,151,-0.23,111.76,-0.14,111.78,0.00
5.8,151,151,-0.23,111.64,-0.14,111.67,0.00
5.9,153,151,1.77,111.53,01.06,112.55,0.02
6.0,154,149,4.53,113.63,2.72,114.81,0.02
6.1,153,149,3.53,117.55,2.12,116.58,-0.01
6.2,153,151,1.77,118.69,01.06,117.46,-0.01
6.4,150,153,-2.99,118.51,-1.79,115.97,-0.04
6.5,152,157,-4.51,114.14,-2.70,113.72,-0.01
6.6,153,157,-3.51,111.00,-2.10,111.96,0.01
6.7,154,155,-0.75,109.87,-0.45,111.59,0.02
6.9,151,151,-0.23,111.16,-0.14,111.47,0.00
7.0,151,153,-1.99,111.34,-1.19,110.48,-0.01
7.1,154,153,01.01,109.27,0.61,110.98,0.02
7.2,151,149,1.53,111.61,0.92,111.75,0.00
7.4,151,149,1.53,112.67,0.92,112.51,0.00
7.5,151,149,1.53,113.43,0.92,113.27,0.00
7.6,152,149,2.53,114.19,1.52,114.54,0.01
7.7,154,151,2.77,116.06,1.66,115.92,0.00
7.9,155,151,3.77,117.59,2.26,117.81,0.01
8.0,152,153,-0.99,120.08,-0.59,117.31,-0.04
8.1,153,158,-5.26,116.68,-3.16,114.68,-0.03
8.2,151,160,-9.02,111.49,-5.41,110.17,-0.03
8.4,151,157,-5.51,104.72,-3.30,107.42,0.03
8.5,151,153,-1.99,104.14,-1.19,106.42,0.03
8.6,151,149,1.53,105.25,0.92,107.18,0.03
8.7,152,146,06.04,108.13,3.63,110.21,0.04
8.9,154,146,08.04,113.87,4.83,114.23,0.02
9.0,155,149,5.53,119.07,3.32,116.99,-0.02
9.1,152,151,0.77,120.29,0.46,117.38,-0.04
9.2,150,155,-4.75,117.80,-2.85,115.00,-0.04
9.4,154,158,-4.26,112.11,-2.56,112.87,0.00
9.5,151,157,-5.51,110.32,-3.30,110.12,-0.01
9.6,154,155,-0.75,106.80,-0.45,109.74,0.04
9.7,154,153,01.01,109.33,0.61,110.25,0.01
9.8,151,148,3.29,110.87,1.97,111.89,0.02
10.0,151,148,3.29,113.88,1.97,113.53,0.00
10.1,154,151,2.77,115.51,1.66,114.92,-0.00
10.2,151,153,-1.99,116.58,-1.19,113.92,-0.04
10.3,151,158,-7.26,112.69,-4.36,110.29,-0.04
10.5,151,157,-5.51,105.89,-3.30,107.54,0.01
10.6,151,153,-1.99,104.25,-1.19,106.54,0.03
10.7,154,149,4.53,105.38,2.72,108.81,0.05
10.9,152,148,4.29,111.58,2.57,110.95,-0.00
11.0,153,148,5.29,113.52,3.17,113.59,0.01
11.1,151,151,-0.23,116.77,-0.14,113.48,-0.04
11.2,152,157,-4.51,113.30,-2.70,111.23,-0.03
11.4,154,158,-4.26,108.49,-2.56,109.09,0.00
11.5,151,153,-1.99,106.54,-1.19,108.10,0.02
11.6,151,151,-0.23,106.92,-0.14,107.98,0.01
11.7,154,151,2.77,107.86,1.66,109.37,0.02
11.9,151,148,3.29,111.05,1.97,111.01,0.00
12.0,151,148,3.29,112.99,1.97,112.65,0.00
12.1,154,151,2.77,114.62,1.66,114.04,-0.00
12.2,152,153,-0.99,115.70,-0.59,113.54,-0.03
12.4,151,157,-5.51,112.92,-3.30,110.79,-0.04
12.5,151,157,-5.51,107.45,-3.30,108.04,0.00
12.6,151,155,-3.75,104.73,-2.25,106.16,0.01
12.7,154,153,01.01,103.93,0.61,106.67,0.04
12.9,151,148,3.29,107.31,1.97,108.31,0.02
13.0,151,148,3.29,110.30,1.97,109.95,0.00
13.1,154,149,4.53,111.93,2.72,112.22,0.01
13.2,151,149,1.53,114.94,0.92,112.98,-0.02
13.4,153,155,-1.75,113.87,-1.05,112.11,-0.03
13.5,154,157,-2.51,111.03,-1.50,110.85,-0.01
13.6,152,157,-4.51,109.34,-2.70,108.60,-0.02
13.7,151,157,-5.51,105.88,-3.30,105.85,-0.01
13.9,151,155,-3.75,102.54,-2.25,103.97,0.01
14.0,151,151,-0.23,101.74,-0.14,103.86,0.03
14.1,155,146,09.04,103.75,5.43,108.38,0.07
14.2,151,146,05.04,113.88,03.03,110.90,-0.03
14.4,153,148,5.29,113.90,3.17,113.55,0.00
14.5,151,149,1.53,116.72,0.92,114.31,-0.03
14.6,151,155,-3.75,115.20,-2.25,112.44,-0.04
14.7,154,157,-2.51,110.14,-1.50,111.18,0.01
14.9,151,155,-3.75,109.69,-2.25,109.31,-0.01
15.0,152,155,-2.75,107.05,-1.65,107.93,0.01
15.1,151,151,-0.23,106.29,-0.14,107.82,0.02
15.2,154,151,2.77,107.70,1.66,109.20,0.02
15.4,153,149,3.53,110.89,2.12,110.97,0.01
15.5,151,148,3.29,113.09,1.97,112.61,-0.00
15.6,151,153,-1.99,114.58,-1.19,111.62,-0.04
15.7,153,157,-3.51,110.38,-2.10,109.86,-0.01
15.9,154,157,-2.51,107.75,-1.50,108.61,0.01
16.0,151,153,-1.99,107.11,-1.19,107.61,0.00
16.1,151,153,-1.99,106.43,-1.19,106.62,0.00
16.2,156,151,4.77,105.43,2.86,109.00,0.05
16.4,152,148,4.29,111.92,2.57,111.15,-0.00
16.5,154,149,4.53,113.72,2.72,113.41,0.00
16.6,151,151,-0.23,116.13,-0.14,113.30,-0.04
16.7,152,157,-4.51,113.12,-2.70,111.04,-0.03
16.9,154,158,-4.26,108.30,-2.56,108.91,0.00
17.0,151,157,-5.51,106.35,-3.30,106.16,-0.01
17.1,153,155,-1.75,102.84,-1.05,105.28,0.03
17.2,151,151,-0.23,104.26,-0.14,105.17,0.01
17.4,152,149,2.53,105.04,1.52,106.43,0.02
17.5,153,148,5.29,107.97,3.17,109.07,0.02
17.6,151,146,05.04,112.27,03.03,111.60,-0.00
17.7,152,151,0.77,114.62,0.46,111.98,-0.03
17.9,154,153,01.01,112.41,0.61,112.49,0.00
18.0,151,153,-1.99,113.09,-1.19,111.49,-0.02
18.1,153,158,-5.26,110.27,-3.16,108.86,-0.03
18.2,154,157,-2.51,105.67,-1.50,107.61,0.02
18.4,151,153,-1.99,106.12,-1.19,106.61,0.00
18.5,151,153,-1.99,105.42,-1.19,105.62,0.00
18.6,154,151,2.77,104.42,1.66,107.00,0.04
18.7,151,148,3.29,108.70,1.97,108.64,0.00
18.9,151,148,3.29,110.62,1.97,110.29,0.00
19.0,155,149,5.53,112.26,3.32,113.05,0.02
19.1,151,149,1.53,116.39,0.92,113.81,-0.03
19.2,153,155,-1.75,114.70,-1.05,112.94,-0.03
19.4,156,157,-0.51,111.87,-0.30,112.69,0.01
19.5,152,155,-2.75,112.39,-1.65,111.31,-0.02
19.6,154,157,-2.51,109.65,-1.50,110.06,0.00
19.7,151,155,-3.75,108.56,-2.25,108.19,-0.01
19.9,153,155,-1.75,105.93,-1.05,107.31,0.02
20.0,151,153,-1.99,106.28,-1.19,106.32,-0.00
20.1,151,153,-1.99,105.12,-1.19,105.32,0.00
20.3,151,151,-0.23,104.13,-0.14,105.21,0.01
20.4,154,151,2.77,105.08,1.66,106.59,0.02
20.5,152,146,06.04,108.28,3.63,109.61,0.03
20.6,151,148,3.29,113.27,1.97,111.26,-0.02
20.8,151,151,-0.23,113.21,-0.14,111.14,-0.03
20.9,152,155,-2.75,110.97,-1.65,109.77,-0.02
21.0,154,155,-0.75,108.10,-0.45,109.39,0.02
21.1,151,153,-1.99,108.96,-1.19,108.40,-0.01
21.3,155,153,02.01,107.20,1.21,109.40,0.03
21.4,151,148,3.29,110.64,1.97,111.05,0.01
21.5,152,149,2.53,113.03,1.52,112.31,-0.01
21.6,151,153,-1.99,113.82,-1.19,111.32,-0.04
21.8,151,157,-5.51,110.09,-3.30,108.56,-0.03
21.9,153,157,-3.51,105.23,-2.10,106.81,0.02
22.0,151,153,-1.99,104.72,-1.19,105.82,0.01
22.1,153,153,0.01,104.63,0.01,105.82,0.02
22.3,153,148,5.29,105.84,3.17,108.46,0.04
22.4,151,148,3.29,111.68,1.97,110.11,-0.02
22.5,151,149,1.53,112.06,0.92,110.87,-0.01
22.6,153,151,1.77,111.77,01.06,111.75,0.00
22.8,151,151,-0.23,112.82,-0.14,111.64,-0.02
22.9,151,157,-5.51,111.48,-3.30,108.89,-0.04
23.0,154,157,-2.51,105.54,-1.50,107.63,0.02
23.1,151,153,-1.99,106.15,-1.19,106.64,0.00
23.3,151,151,-0.23,105.45,-0.14,106.52,0.01
23.4,155,151,3.77,106.40,2.26,108.41,0.03
23.5,151,148,3.29,110.70,1.97,110.05,-0.00
23.6,153,149,3.53,112.02,2.12,111.81,0.00
23.8,151,149,1.53,113.93,0.92,112.58,-0.02
23.9,151,155,-3.75,113.48,-2.25,110.70,-0.04
24.0,153,157,-3.51,108.41,-2.10,108.95,0.00
24.1,151,157,-5.51,106.85,-3.30,106.20,-0.02
24.3,151,153,-1.99,102.88,-1.19,105.20,0.03
24.4,151,151,-0.23,104.04,-0.14,105.09,0.01
24.5,155,149,5.53,104.96,3.32,107.85,0.05
24.6,152,148,4.29,111.21,2.57,109.99,-0.01
24.8,154,149,4.53,112.56,2.72,112.26,0.00
24.9,151,149,1.53,114.98,0.92,113.02,-0.02
25.0,152,153,-0.99,113.91,-0.59,112.53,-0.02
25.1,154,157,-2.51,111.91,-1.50,111.27,-0.01
25.3,152,157,-4.51,109.76,-2.70,109.02,-0.02
25.4,151,157,-5.51,106.30,-3.30,106.27,-0.01
25.5,151,155,-3.75,102.96,-2.25,104.39,0.01
25.6,151,151,-0.23,102.16,-0.14,104.28,0.03
25.8,155,148,7.29,104.17,4.37,107.92,0.06
25.9,151,148,3.29,112.35,1.97,109.56,-0.03
26.0,153,149,3.53,111.50,2.12,111.33,0.00
26.1,151,149,1.53,113.45,0.92,112.09,-0.02
26.3,151,155,-3.75,112.99,-2.25,110.22,-0.04
26.4,153,157,-3.51,107.93,-2.10,108.46,0.00
26.5,151,155,-3.75,106.36,-2.25,106.59,-0.00
26.7,151,155,-3.75,104.34,-2.25,104.72,0.00
26.8,151,153,-1.99,102.47,-1.19,103.72,0.01
26.9,155,149,5.53,102.54,3.32,106.49,0.06
27.0,151,148,3.29,109.86,1.97,108.13,-0.02
27.2,154,149,4.53,110.08,2.72,110.39,0.01
27.3,151,149,1.53,113.12,0.92,111.16,-0.02
27.4,152,155,-2.75,112.05,-1.65,109.78,-0.03
27.5,155,157,-1.51,108.10,-0.90,109.03,0.01
27.7,151,157,-5.51,108.13,-3.30,106.28,-0.03
27.8,154,157,-2.51,102.94,-1.50,105.02,0.02
27.9,151,153,-1.99,103.54,-1.19,104.03,0.00
28.0,152,151,0.77,102.84,0.46,104.41,0.02
28.2,153,146,07.04,104.90,4.23,107.93,0.05
28.3,151,146,05.04,112.21,03.03,110.46,-0.02
28.4,151,148,3.29,113.47,1.97,112.10,-0.01
28.5,154,153,01.01,114.06,0.61,112.60,-0.02
28.7,155,155,0.25,113.19,0.15,112.73,-0.01
28.8,151,155,-3.75,112.88,-2.25,110.86,-0.03
28.9,151,158,-7.26,108.58,-4.36,107.22,-0.03
29.0,151,157,-5.51,102.84,-3.30,104.47,0.01
29.2,140,153,-12.99,101.18,-7.79,97.98,-0.06
29.3,131,151,-20.23,90.12,-12.14,87.86,-0.06
29.4,125,148,-22.71,75.66,-13.63,76.50,-0.02
29.5,123,139,-15.92,62.86,-9.55,68.54,0.05
29.7,119,121,-2.34,59.04,-1.40,67.38,0.11
29.8,115,107,7.73,66.08,4.64,71.24,0.08
29.9,110,98,11.52,75.96,6.91,77.00,0.03
30.0,112,98,13.52,83.95,8.11,83.76,0.02
30.2,106,106,0.49,91.90,0.29,84.01,-0.10
30.3,107,114,-7.30,84.20,-4.38,80.36,-0.06
30.4,109,123,-14.09,75.91,-8.46,73.31,-0.05
30.5,106,120,-13.58,64.80,-8.15,66.52,0.00
30.6,108,113,-4.54,58.38,-2.73,64.25,0.07
30.8,106,102,04.01,61.60,2.40,66.25,0.07
30.9,106,91,14.56,68.73,8.73,73.53,0.08
31.0,108,91,16.56,82.35,9.93,81.81,0.02
31.1,105,98,6.52,91.76,3.91,85.07,-0.08
31.3,107,109,-2.03,88.91,-1.22,84.06,-0.07
31.4,106,121,-15.34,82.78,-9.20,76.39,-0.11
31.5,109,125,-15.85,67.08,-9.51,68.47,-0.00
31.6,106,120,-13.58,58.95,-8.15,61.68,0.02
31.8,108,107,0.73,53.55,0.44,62.04,0.11
31.9,106,93,12.80,62.60,7.68,68.44,0.10
32.0,107,86,20.83,76.22,12.50,78.86,0.06
32.1,106,93,12.80,91.42,7.68,85.26,-0.06
32.2,105,106,-0.51,92.87,-0.31,85.00,-0.11
32.4,105,120,-14.58,84.59,-8.75,77.71,-0.11
32.5,106,125,-18.85,68.86,-11.31,68.29,-0.03
32.6,106,121,-15.34,56.94,-9.20,60.62,0.03
32.8,106,106,0.49,51.45,0.29,60.86,0.13
32.9,106,91,14.56,61.29,8.73,68.14,0.11
33.0,110,83,27.35,76.99,16.41,81.82,0.10
33.1,107,90,17.32,98.33,10.39,90.48,-0.08
33.2,107,107,-0.27,100.79,-0.16,90.34,-0.14
33.4,105,127,-21.61,90.04,-12.97,79.54,-0.17
33.5,106,134,-27.65,66.40,-16.59,65.71,-0.05
33.6,108,127,-18.61,49.08,-11.17,56.41,0.07
33.7,106,109,-3.03,45.31,-1.82,54.89,0.12
33.9,107,90,17.32,53.20,10.39,63.55,0.16
34.0,106,76,30.38,74.11,18.23,78.75,0.10
34.1,106,81,25.11,97.08,15.07,91.30,-0.04
34.2,106,102,04.01,106.32,2.40,93.30,-0.17
34.4,108,123,-15.09,95.54,-9.06,85.76,-0.15
34.5,105,134,-28.65,76.55,-17.19,71.43,-0.11
34.6,107,132,-24.89,54.14,-14.93,58.99,0.03
34.7,106,114,-8.30,44.09,-4.98,54.84,0.13
34.9,107,91,15.56,49.99,9.33,62.62,0.19
35.0,107,77,29.63,72.14,17.78,77.43,0.11
35.1,109,77,31.63,95.32,18.98,93.24,0.02
35.2,107,97,10.28,112.23,6.17,98.38,-0.17
35.4,106,121,-15.34,104.38,-9.20,90.72,-0.20
35.5,108,139,-30.92,81.31,-18.55,75.26,-0.12
35.6,106,139,-32.92,56.58,-19.75,58.79,-0.02
35.7,106,123,-17.09,39.03,-10.26,50.25,0.13
35.9,107,100,6.77,40.12,04.06,53.63,0.19
36.0,107,76,31.38,57.88,18.83,69.32,0.20
36.1,107,69,38.42,88.35,23.05,88.53,0.06
36.2,109,84,24.59,111.64,14.76,100.83,-0.11
36.4,105,116,-11.06,115.47,-6.64,95.30,-0.29
36.5,108,137,-29.16,88.37,-17.50,80.72,-0.14
36.6,109,142,-33.44,63.07,-20.06,64.00,-0.03
36.7,106,132,-25.89,43.90,-15.53,51.05,0.06
36.9,109,107,1.73,35.58,01.04,51.92,0.22
37.0,107,81,26.11,53.18,15.67,64.97,0.20
37.1,106,69,37.42,80.83,22.45,83.68,0.09
37.2,109,77,31.63,106.22,18.98,99.49,-0.05
37.4,109,106,3.49,118.42,02.09,101.24,-0.23
37.5,105,132,-26.89,103.11,-16.13,87.80,-0.24
37.6,109,146,-36.96,71.42,-22.17,69.32,-0.08
37.7,106,139,-32.92,47.06,-19.75,52.86,0.03
37.9,108,116,-8.06,33.14,-4.84,48.83,0.20
38.0,107,90,17.32,44.19,10.39,57.49,0.20
38.1,107,70,36.66,68.08,22.00,75.82,0.15
38.2,108,69,39.42,97.97,23.65,95.52,0.02
38.4,109,93,15.80,119.20,9.48,103.42,-0.19
38.5,107,123,-16.09,112.72,-9.66,95.38,-0.26
38.6,105,146,-40.96,85.46,-24.57,74.90,-0.20
38.7,106,142,-36.44,50.13,-21.86,56.68,0.04
38.9,107,127,-19.61,34.85,-11.77,46.87,0.13
39.0,109,98,10.52,35.24,6.31,52.14,0.24
39.1,107,70,36.66,58.69,22.00,70.47,0.21
39.2,106,63,42.69,92.67,25.62,91.81,0.05
39.4,108,83,25.35,117.48,15.21,104.49,-0.14
39.5,105,118,-12.82,119.56,-7.69,98.08,-0.31
39.6,107,142,-35.44,90.08,-21.26,80.36,-0.18
39.7,109,146,-36.96,58.92,-22.17,61.88,-0.01
39.9,107,132,-24.89,39.70,-14.93,49.44,0.10
40.0,107,106,1.49,34.60,0.89,50.18,0.21
40.1,107,79,27.87,51.29,16.72,64.12,0.21
40.2,106,65,40.94,81.05,24.56,84.58,0.10
40.3,107,77,29.63,109.25,17.78,99.40,-0.09
40.5,109,107,1.73,117.08,01.04,100.26,-0.22
40.6,106,132,-25.89,101.08,-15.53,87.32,-0.22
40.7,108,146,-37.96,71.57,-22.77,68.34,-0.10
40.9,108,135,-27.40,45.47,-16.44,54.64,0.08
41.0,107,114,-7.30,38.28,-4.38,50.99,0.16
41.1,107,90,17.32,46.77,10.39,59.65,0.20
41.2,107,70,36.66,70.23,22.00,77.98,0.15
41.3,106,74,32.14,100.13,19.29,94.05,-0.04
41.5,108,97,11.28,113.30,6.77,99.69,-0.17
41.6,105,125,-19.85,106.29,-11.91,89.76,-0.25
41.7,105,142,-37.44,77.60,-22.46,71.04,-0.14
41.9,106,139,-32.92,48.44,-19.75,54.58,0.04
42.0,107,121,-14.34,34.87,-8.60,47.41,0.15
42.1,107,93,13.80,38.96,8.28,54.31,0.23
42.2,108,69,39.42,62.82,23.65,74.02,0.20
42.3,107,67,40.18,97.88,24.11,94.11,0.01
42.5,105,86,18.83,118.22,11.30,103.53,-0.17
42.6,108,123,-15.09,114.66,-9.06,95.98,-0.27
42.7,106,144,-38.20,86.65,-22.92,76.88,-0.18
42.8,106,144,-38.20,53.78,-22.92,57.78,0.00
43.0,107,125,-17.85,34.87,-10.71,48.86,0.16
43.1,107,100,6.77,38.31,04.06,52.24,0.20
43.2,107,74,33.14,56.50,19.89,68.81,0.21
43.3,106,63,42.69,88.91,25.62,90.16,0.08
43.5,105,81,24.11,115.85,14.47,102.21,-0.15
43.6,105,114,-9.30,116.53,-5.58,97.56,-0.27
43.7,109,139,-29.92,91.71,-17.95,82.60,-0.16
43.8,105,142,-37.44,64.48,-22.46,63.88,-0.06
44.0,106,132,-25.89,41.36,-15.53,50.94,0.09
44.1,107,109,-2.03,35.50,-1.22,49.93,0.19
44.2,107,84,22.59,48.90,13.56,61.22,0.20
44.3,110,67,43.18,74.97,25.91,82.81,0.16
44.5,107,74,33.14,108.88,19.89,99.38,-0.08
44.6,105,102,03.01,119.19,1.80,100.88,-0.24
44.7,105,132,-26.89,102.45,-16.13,87.44,-0.24
44.8,106,148,-41.71,71.07,-25.03,66.58,-0.12
45.0,106,139,-32.92,41.44,-19.75,50.12,0.07
45.1,107,116,-9.06,30.44,-5.44,45.59,0.19
45.2,107,88,19.08,40.35,11.45,55.13,0.23
45.3,109,65,43.94,66.80,26.36,77.10,0.20
45.5,107,65,41.94,103.66,25.16,98.07,-0.02
45.6,105,91,13.56,123.21,8.13,104.84,-0.23
45.7,105,125,-19.85,112.75,-11.91,94.92,-0.27
45.8,107,146,-38.96,82.74,-23.37,75.44,-0.15
46.0,106,144,-38.20,51.91,-22.92,56.34,0.01
46.1,108,125,-16.85,33.43,-10.11,47.92,0.17
46.2,107,97,10.28,37.97,6.17,53.06,0.22
46.3,106,72,33.90,59.44,20.34,70.01,0.19
46.5,106,67,39.18,90.54,23.51,89.60,0.04
46.6,105,83,22.35,113.14,13.41,100.77,-0.13
46.7,105,118,-12.82,114.05,-7.69,94.36,-0.28
46.8,105,141,-35.68,86.39,-21.41,76.52,-0.18
47.0,106,142,-36.44,54.93,-21.86,58.30,-0.01
47.1,109,127,-17.61,36.43,-10.57,49.50,0.15
47.2,107,102,05.01,39.08,3.00,52.00,0.18
47.3,107,77,29.63,55.18,17.78,66.81,0.20
47.5,106,69,37.42,84.79,22.45,85.52,0.06
47.6,105,81,24.11,108.04,14.47,97.58,-0.11
47.7,107,111,-3.79,111.94,-2.27,95.68,-0.22
47.8,105,134,-28.65,93.19,-17.19,81.36,-0.20
48.0,106,142,-36.44,63.97,-21.86,63.14,-0.06
48.1,107,134,-26.65,41.22,-15.99,49.82,0.08
48.2,107,111,-3.79,33.91,-2.27,47.93,0.18
48.3,107,83,24.35,45.84,14.61,60.10,0.23
48.5,106,67,39.18,74.94,23.51,79.69,0.12
48.6,105,72,32.90,103.31,19.74,96.14,-0.05
48.7,105,100,4.77,115.83,2.86,98.52,-0.23
48.8,105,128,-23.37,101.16,-14.02,86.84,-0.23
49.0,108,142,-34.44,72.59,-20.66,69.62,-0.09
49.1,106,139,-32.92,48.87,-19.75,53.16,0.01
49.2,109,116,-7.06,33.42,-4.24,49.63,0.21
49.3,107,93,13.80,45.60,8.28,56.53,0.17
49.5,106,70,35.66,64.97,21.40,74.36,0.17
49.6,106,72,33.90,95.93,20.34,91.31,-0.01
49.7,110,91,18.56,111.63,11.13,100.59,-0.12
49.8,106,123,-17.09,111.60,-10.26,92.04,-0.29
50.0,105,142,-37.44,81.50,-22.46,73.32,-0.16
50.1,106,142,-36.44,50.69,-21.86,55.10,0.01
50.2,106,125,-18.85,33.25,-11.31,45.67,0.14
50.3,108,100,7.77,34.50,4.66,49.56,0.21
50.5,107,70,36.66,54.43,22.00,67.89,0.23
50.6,107,63,43.69,90.11,26.22,89.73,0.06
50.7,110,79,30.87,116.01,18.52,105.17,-0.10
50.8,105,116,-11.06,123.59,-6.64,99.64,-0.34
51.0,108,144,-36.20,92.67,-21.72,81.54,-0.20
51.1,110,148,-37.71,59.62,-22.63,62.68,-0.01
51.2,106,134,-27.65,40.04,-16.59,48.86,0.08
51.3,109,109,-0.03,32.35,-0.02,48.85,0.22
51.5,107,83,24.35,49.05,14.61,61.02,0.20
51.6,106,65,40.94,75.83,24.56,81.49,0.13
51.7,110,74,36.14,106.18,21.69,99.56,-0.04
51.8,107,104,3.25,121.21,1.95,101.18,-0.26
52.0,105,132,-26.89,102.87,-16.13,87.74,-0.24
52.1,109,148,-38.71,71.37,-23.23,68.38,-0.09
52.2,106,141,-34.68,45.06,-20.81,51.04,0.03
52.3,108,118,-9.82,30.27,-5.89,46.13,0.20
52.5,107,91,15.56,40.44,9.33,53.91,0.20
52.6,107,69,38.42,63.45,23.05,73.12,0.18
52.7,106,67,39.18,96.36,23.51,92.71,0.01
52.8,105,88,17.08,116.22,10.25,101.25,-0.18
53.0,105,123,-18.09,111.32,-10.86,92.20,-0.28
53.1,102,142,-40.44,81.06,-24.26,71.98,-0.18
53.2,95,144,-49.20,47.54,-29.52,47.38,-0.07
53.3,87,123,-36.09,17.79,-21.66,29.34,0.10
53.5,76,91,-15.44,7.78,-9.27,21.61,0.17
53.6,68,55,13.49,12.51,08.09,28.36,0.23
53.7,59,25,34.38,36.68,20.63,45.55,0.17
53.8,50,4,46.48,66.34,27.89,68.79,0.10
54.0,40,0,40.00,96.78,24.00,88.79,-0.05
54.1,32,11,21.45,112.74,12.87,99.51,-0.15
54.2,21,76,-54.62,112.24,-32.77,72.21,-0.61
54.3,9,114,-105.30,38.83,-63.18,19.56,-0.41
54.4,2,113,-110.54,-44.03,-66.33,-35.72,-0.04
54.6,-5,51,-56.00,-102.08,-33.60,-63.71,0.44
54.7,-15,-39,23.69,-96.88,14.21,-51.87,0.64
54.8,-31,-77,46.37,-37.02,27.82,-28.68,0.18
55.0,-48,-74,25.86,-0.68,15.51,-15.76,-0.16
55.1,-59,-39,-20.31,-0.41,-12.19,-25.91,-0.37
55.2,-61,-5,-55.72,-38.47,-33.43,-53.77,-0.28
55.3,-61,0,-61.00,-87.49,-36.60,-84.27,-0.04
55.5,-62,-26,-35.62,-120.92,-21.37,-102.09,0.20
55.6,-70,-84,14.41,-123.26,8.64,-94.88,0.40
55.7,-75,-118,42.82,-85.84,25.69,-73.47,0.23
55.8,-75,-125,49.85,-47.55,29.91,-48.55,0.06
56.0,-76,-106,29.51,-18.58,17.71,-33.79,-0.16
56.1,-81,-70,-10.66,-16.25,-6.40,-39.12,-0.32
56.2,-84,-33,-50.59,-45.84,-30.35,-64.41,-0.32
56.4,-86,-16,-70.17,-95.09,-42.10,-99.50,-0.16
56.5,-90,-51,-39.00,-141.76,-23.40,-119.00,0.25
56.6,-92,-107,15.27,-142.16,9.16,-111.37,0.43
56.7,-94,-142,48.44,-101.77,29.06,-87.15,0.27
56.9,-96,-146,49.96,-57.82,29.97,-62.17,0.01
57.0,-97,-125,27.85,-32.19,16.71,-48.25,-0.18
57.1,-98,-95,-3.04,-31.71,-1.82,-49.77,-0.25
57.3,-99,-62,-37.45,-51.84,-22.47,-68.49,-0.28
57.4,-100,-47,-52.52,-91.24,-31.51,-94.75,-0.12
57.5,-101,-67,-34.18,-126.39,-20.51,-111.84,0.15
57.6,-101,-111,9.79,-132.20,5.87,-106.95,0.35
57.8,-102,-137,35.16,-100.73,21.10,-89.37,0.20
57.9,-102,-144,42.20,-68.07,25.32,-68.27,0.06
58.0,-102,-128,26.37,-42.89,15.82,-55.08,-0.13
58.2,-102,-104,1.75,-39.39,01.05,-54.21,-0.20
58.3,-101,-74,-27.14,-53.35,-16.29,-67.78,-0.23
58.4,-102,-62,-40.45,-84.30,-24.27,-88.00,-0.11
58.5,-102,-72,-29.90,-112.38,-17.94,-102.96,0.08
58.7,-102,-106,3.51,-120.81,2.11,-101.20,0.27
58.8,-102,-130,28.13,-98.83,16.88,-87.14,0.20
58.9,-101,-137,36.16,-70.06,21.70,-69.05,0.06
59.1,-102,-128,26.37,-47.29,15.82,-55.87,-0.08
59.2,-101,-106,4.51,-40.13,2.71,-53.61,-0.17
59.3,-101,-79,-21.87,-51.08,-13.12,-64.55,-0.21
59.4,-101,-63,-37.69,-77.88,-22.62,-83.40,-0.13
59.6,-102,-72,-29.90,-106.14,-17.94,-98.35,0.06
59.7,-102,-100,-1.77,-116.22,-1.06,-99.23,0.23
59.8,-102,-127,24.61,-100.06,14.77,-86.92,0.21
60.0,-102,-139,36.92,-71.94,22.15,-68.46,0.10
60.1,-102,-127,24.61,-46.21,14.77,-56.16,-0.10
60.2,-102,-107,5.27,-41.49,3.16,-53.52,-0.15
60.3,-101,-79,-21.87,-50.52,-13.12,-64.46,-0.22
60.5,-102,-63,-38.69,-77.79,-23.22,-83.80,-0.13
60.6,-102,-72,-29.90,-107.15,-17.94,-98.75,0.07
60.7,-101,-100,-0.77,-116.62,-0.46,-99.14,0.23
60.9,-102,-128,26.37,-99.36,15.82,-85.95,0.22
61.0,-101,-137,36.16,-69.91,21.70,-67.87,0.08
61.1,-102,-127,24.61,-46.09,14.77,-55.56,-0.09
61.2,-101,-104,2.75,-40.89,1.65,-54.19,-0.17
61.4,-101,-77,-23.63,-52.71,-14.18,-66.00,-0.21
61.5,-102,-63,-38.69,-80.39,-23.22,-85.35,-0.12
61.6,-102,-72,-29.90,-108.68,-17.94,-100.30,0.07
61.8,-102,-104,1.75,-118.17,01.05,-99.42,0.25
61.9,-101,-128,27.37,-98.12,16.42,-85.74,0.20
62.0,-102,-137,35.16,-69.11,21.10,-68.16,0.06
62.2,-102,-128,26.37,-47.00,15.82,-54.97,-0.07
62.3,-102,-106,3.51,-39.22,2.11,-53.22,-0.18
62.4,-101,-79,-21.87,-51.29,-13.12,-64.15,-0.20
62.5,-102,-63,-38.69,-77.47,-23.22,-83.50,-0.13
62.7,-102,-72,-29.90,-106.85,-17.94,-98.45,0.07
62.8,-101,-100,-0.77,-116.32,-0.46,-98.83,0.23
62.9,-101,-128,27.37,-99.06,16.42,-85.15,0.23
63.1,-101,-137,36.16,-68.50,21.70,-67.06,0.07
63.2,-102,-128,26.37,-45.30,15.82,-53.88,-0.08
63.3,-102,-104,1.75,-38.13,01.05,-53.00,-0.20
63.4,-101,-77,-23.63,-52.15,-14.18,-64.82,-0.20
63.6,-101,-63,-37.69,-79.19,-22.62,-83.66,-0.11
63.7,-102,-74,-28.14,-106.39,-16.89,-97.73,0.08
63.8,-102,-102,-0.01,-114.54,-0.00,-97.74,0.23
64.0,-102,-130,28.13,-97.52,16.88,-83.67,0.23
64.1,-101,-137,36.16,-66.57,21.70,-65.59,0.06
64.2,-102,-127,24.61,-43.83,14.77,-53.29,-0.09
64.3,-101,-102,0.99,-38.61,0.60,-52.79,-0.19
64.5,-101,-76,-25.38,-52.38,-15.23,-65.48,-0.21
64.6,-101,-62,-39.45,-80.92,-23.67,-85.21,-0.11
64.7,-102,-74,-28.14,-108.99,-16.89,-99.28,0.09
64.9,-102,-106,3.51,-116.07,2.11,-97.52,0.25
65.0,-102,-128,26.37,-95.17,15.82,-84.34,0.18
65.1,-102,-139,36.92,-68.33,22.15,-65.88,0.08
65.2,-101,-127,25.61,-43.64,15.37,-53.07,-0.09
65.4,-102,-104,1.75,-37.80,01.05,-52.20,-0.19
65.5,-101,-74,-27.14,-51.34,-16.29,-65.77,-0.23
65.6,-102,-60,-42.21,-82.29,-25.33,-86.87,-0.12
65.8,-101,-74,-27.14,-112.32,-16.29,-100.45,0.12
65.9,-101,-107,6.27,-116.61,3.76,-97.31,0.27
66.0,-102,-132,29.89,-93.28,17.93,-82.37,0.19
66.1,-101,-139,37.92,-64.25,22.75,-63.41,0.06
66.3,-102,-127,24.61,-40.59,14.77,-51.10,-0.11
66.4,-101,-102,0.99,-36.44,0.60,-50.60,-0.19
66.5,-101,-72,-28.90,-50.20,-17.34,-65.05,-0.24
66.7,-102,-58,-43.97,-82.63,-26.38,-87.04,-0.12
66.8,-102,-72,-29.90,-113.54,-17.94,-101.99,0.11
66.9,-101,-107,6.27,-119.82,3.76,-98.86,0.29
67.0,-101,-132,30.89,-94.81,18.53,-83.41,0.20
67.2,-102,-141,38.68,-64.68,23.21,-64.07,0.06
67.3,-102,-127,24.61,-40.80,14.77,-51.77,-0.11
67.4,-101,-102,0.99,-37.11,0.60,-51.27,-0.19
67.6,-101,-72,-28.90,-50.86,-17.34,-65.72,-0.24
67.7,-101,-60,-41.21,-83.30,-24.73,-86.33,-0.10
67.8,-102,-72,-29.90,-111.15,-17.94,-101.28,0.09
67.9,-102,-107,5.27,-119.13,3.16,-98.64,0.28
68.1,-102,-132,29.89,-95.20,17.93,-83.70,0.20
68.2,-102,-141,38.68,-65.57,23.21,-64.36,0.07
68.3,-101,-128,27.37,-41.08,16.42,-50.67,-0.09
68.5,-102,-104,1.75,-34.34,01.05,-49.80,-0.20
68.6,-101,-72,-28.90,-48.95,-17.34,-64.25,-0.25
68.7,-102,-58,-43.97,-81.84,-26.38,-86.23,-0.12
68.8,-101,-69,-32.42,-112.74,-19.45,-102.44,0.09
69.0,-102,-106,3.51,-121.80,2.11,-100.69,0.29
69.1,-101,-134,32.65,-98.29,19.59,-84.36,0.23
69.2,-102,-142,40.44,-64.54,24.26,-64.15,0.06
69.4,-102,-132,29.89,-39.82,17.93,-49.20,-0.08
69.5,-101,-104,2.75,-31.35,1.65,-47.83,-0.22
69.6,-101,-72,-28.90,-46.39,-17.34,-62.28,-0.25
69.7,-102,-55,-47.49,-79.87,-28.49,-86.02,-0.15
69.9,-102,-67,-35.18,-114.66,-21.11,-103.61,0.10
70.0,-102,-106,3.51,-124.62,2.11,-101.85,0.31
70.1,-101,-137,36.16,-99.44,21.70,-83.77,0.26
70.3,-101,-146,44.96,-61.81,26.97,-61.29,0.07
70.4,-102,-132,29.89,-34.25,17.93,-46.35,-0.12
70.5,-101,-102,0.99,-28.54,0.60,-45.85,-0.23
70.6,-101,-69,-32.42,-45.49,-19.45,-62.06,-0.27
70.8,-101,-51,-50.00,-81.78,-30.00,-87.07,-0.14
70.9,-102,-65,-36.94,-117.21,-22.16,-105.53,0.10
71.0,-102,-107,5.27,-127.59,3.16,-102.90,0.34
71.2,-102,-139,36.92,-99.40,22.15,-84.44,0.25
71.3,-101,-148,46.71,-62.03,28.03,-61.08,0.08
71.4,-102,-132,29.89,-32.97,17.93,-46.14,-0.13
71.6,-101,-102,0.99,-28.34,0.60,-45.64,-0.23
71.7,-101,-69,-32.42,-45.28,-19.45,-61.85,-0.27
71.8,-101,-51,-50.00,-81.57,-30.00,-86.85,-0.14
71.9,-102,-63,-38.69,-116.99,-23.22,-106.20,0.09
72.1,-101,-106,4.51,-129.33,2.71,-103.94,0.35
72.2,-102,-137,35.16,-100.89,21.10,-86.36,0.25
72.3,-102,-149,47.47,-65.02,28.48,-62.63,0.10
72.5,-102,-132,29.89,-34.04,17.93,-47.68,-0.14
72.6,-101,-106,4.51,-29.89,2.71,-45.43,-0.20
72.7,-101,-70,-30.66,-42.92,-18.40,-60.76,-0.28
72.8,-102,-51,-51.00,-79.44,-30.60,-86.26,-0.16
73.0,-102,-63,-38.69,-117.02,-23.22,-105.61,0.10
73.1,-102,-104,1.75,-128.72,01.05,-104.73,0.32
73.2,-102,-139,36.92,-103.36,22.15,-86.27,0.28
73.4,-102,-151,49.23,-63.84,29.54,-61.65,0.10
73.5,-102,-135,33.40,-32.02,20.04,-44.95,-0.13
73.6,-102,-106,3.51,-25.04,2.11,-43.20,-0.24
73.7,-101,-70,-30.66,-41.33,-18.40,-58.53,-0.27
73.9,-102,-49,-52.76,-77.20,-31.66,-84.91,-0.18
74.0,-101,-60,-41.21,-116.74,-24.73,-105.51,0.09
74.1,-102,-102,-0.01,-130.15,-0.00,-105.52,0.33
74.3,-101,-141,39.68,-105.19,23.81,-85.68,0.32
74.4,-102,-151,49.23,-61.55,29.54,-61.06,0.08
74.5,-101,-135,34.40,-31.45,20.64,-43.86,-0.12
74.6,-101,-106,4.51,-23.34,2.71,-41.60,-0.24
74.8,-102,-67,-35.18,-39.14,-21.11,-59.19,-0.32
74.9,-101,-46,-55.28,-80.62,-33.17,-86.83,-0.16
75.0,-101,-58,-42.97,-120.16,-25.78,-108.32,0.10
75.2,-101,-106,4.51,-134.00,2.71,-106.06,0.38
75.3,-102,-141,38.68,-102.98,23.21,-86.72,0.27
75.4,-101,-153,51.99,-63.24,31.19,-60.73,0.11
75.6,-102,-137,35.16,-29.43,21.10,-43.15,-0.13
75.7,-101,-107,6.27,-22.18,3.76,-40.01,-0.23
75.8,-101,-67,-34.18,-36.48,-20.51,-57.10,-0.32
75.9,-102,-44,-58.04,-77.93,-34.82,-86.12,-0.19
76.1,-102,-55,-47.49,-121.13,-28.49,-109.86,0.08
76.2,-102,-104,1.75,-138.27,01.05,-108.99,0.39
76.3,-102,-142,40.44,-107.54,24.26,-88.77,0.31
76.5,-102,-155,52.75,-64.20,31.65,-62.39,0.10
76.6,-102,-139,36.92,-30.65,22.15,-43.93,-0.13
76.7,-102,-107,5.27,-21.91,3.16,-41.30,-0.25
76.8,-102,-70,-31.66,-38.39,-19.00,-57.13,-0.30
77.0,-102,-44,-58.04,-76.42,-34.82,-86.15,-0.21
77.1,-102,-56,-45.73,-121.18,-27.44,-109.01,0.10
77.2,-102,-106,3.51,-136.35,2.11,-107.26,0.39
77.4,-102,-141,38.68,-104.76,23.21,-87.92,0.28
77.5,-102,-155,52.75,-64.43,31.65,-61.54,0.11
77.6,-101,-139,37.92,-29.78,22.75,-42.58,-0.12
77.7,-101,-109,08.03,-19.95,4.82,-38.57,-0.24
77.9,-101,-69,-32.42,-33.99,-19.45,-54.78,-0.32
78.0,-101,-42,-58.80,-74.55,-35.28,-84.18,-0.21
78.1,-101,-51,-50.00,-119.66,-30.00,-109.18,0.07
78.3,-102,-100,-1.77,-139.11,-1.06,-110.06,0.39
78.4,-101,-142,41.44,-110.73,24.86,-89.34,0.35
78.5,-101,-157,55.51,-64.13,33.30,-61.59,0.11
78.6,-101,-141,39.68,-28.17,23.81,-41.75,-0.13
78.8,-101,-109,08.03,-18.07,4.82,-37.73,-0.25
78.9,-101,-69,-32.42,-33.17,-19.45,-53.94,-0.32
79.0,-101,-42,-58.80,-73.72,-35.28,-83.34,-0.21
79.2,-102,-49,-52.76,-118.83,-31.66,-109.72,0.05
79.3,-101,-98,-2.52,-141.33,-1.51,-110.98,0.40
79.4,-101,-141,39.68,-112.10,23.81,-91.14,0.34
79.6,-102,-158,56.26,-67.00,33.76,-63.01,0.13
79.7,-101,-142,41.44,-29.12,24.86,-42.29,-0.12
79.8,-101,-113,11.54,-17.55,6.93,-36.52,-0.24
79.9,-102,-72,-29.90,-29.83,-17.94,-51.47,-0.33
80.1,-102,-42,-59.80,-69.74,-35.88,-81.37,-0.24
80.2,-102,-47,-54.52,-117.49,-32.71,-108.63,0.04
80.3,-102,-93,-8.80,-141.30,-5.28,-113.03,0.37
80.5,-102,-141,38.68,-117.94,23.21,-93.69,0.38
80.6,-101,-160,59.02,-70.10,35.41,-64.18,0.16
80.7,-101,-146,44.96,-28.60,26.97,-41.70,-0.11
80.8,-101,-118,16.82,-14.84,10.09,-33.29,-0.23
81.0,-101,-74,-27.14,-23.42,-16.29,-46.86,-0.35
81.1,-101,-40,-60.55,-63.50,-36.33,-77.14,-0.27
81.2,-102,-39,-63.31,-113.74,-37.99,-108.80,-0.02
81.4,-102,-88,-14.08,-146.81,-8.45,-115.83,0.39
81.5,-101,-139,37.92,-123.88,22.75,-96.87,0.42
81.6,-102,-162,59.78,-73.70,35.87,-66.98,0.17
81.8,-101,-149,48.47,-30.94,29.08,-42.75,-0.09
81.9,-101,-120,18.58,-13.75,11.15,-33.46,-0.24
82.0,-101,-77,-23.63,-22.55,-14.18,-45.27,-0.34
82.1,-101,-42,-58.80,-59.78,-35.28,-74.67,-0.28
82.3,-100,-37,-63.07,-110.23,-37.84,-106.20,-0.03
82.4,-102,-83,-19.35,-144.08,-11.61,-115.88,0.35
82.5,-101,-137,36.16,-127.14,21.70,-97.80,0.44
82.7,-102,-160,58.02,-75.66,34.81,-68.79,0.17
82.8,-101,-153,51.99,-33.80,31.19,-42.79,-0.05
82.9,-101,-121,20.34,-11.65,12.20,-32.62,-0.25
83.0,-101,-79,-21.87,-20.67,-13.12,-43.56,-0.34
83.2,-101,-40,-60.55,-57.01,-36.33,-73.83,-0.31
83.3,-102,-37,-65.07,-110.48,-39.04,-106.37,-0.04
83.4,-102,-79,-22.87,-145.45,-13.72,-117.80,0.34
83.6,-102,-137,35.16,-131.19,21.10,-100.22,0.46
83.7,-102,-162,59.78,-78.66,35.87,-70.33,0.20
83.8,-101,-153,51.99,-34.26,31.19,-44.34,-0.06
84.0,-101,-123,22.09,-13.20,13.26,-33.29,-0.24
84.1,-101,-81,-20.11,-20.27,-12.07,-43.34,-0.34
84.2,-101,-42,-58.80,-55.75,-35.28,-72.74,-0.31
84.3,-101,-35,-65.83,-108.33,-39.50,-105.66,-0.06
84.5,-101,-79,-21.87,-145.21,-13.12,-116.59,0.35
84.6,-102,-135,33.40,-129.36,20.04,-99.89,0.44
84.7,-102,-160,58.02,-79.40,34.81,-70.88,0.20
84.9,-101,-151,50.23,-35.86,30.14,-45.76,-0.06
85.0,-101,-123,22.09,-15.68,13.26,-34.71,-0.23
85.1,-101,-84,-16.59,-21.68,-9.96,-43.01,-0.31
85.3,-101,-46,-55.28,-53.27,-33.17,-70.65,-0.31
85.4,-102,-37,-65.07,-104.13,-39.04,-103.18,-0.08
85.5,-100,-76,-24.38,-142.31,-14.63,-115.38,0.33
85.6,-102,-132,29.89,-129.68,17.93,-100.43,0.43
85.8,-101,-160,59.02,-82.07,35.41,-70.92,0.23
85.9,-102,-153,50.99,-35.27,30.59,-45.43,-0.06
86.0,-101,-125,23.85,-14.90,14.31,-33.50,-0.22
86.2,-101,-83,-18.35,-19.40,-11.01,-42.67,-0.34
86.3,-101,-46,-55.28,-54.02,-33.17,-70.31,-0.30
86.4,-102,-37,-65.07,-103.78,-39.04,-102.85,-0.08
86.6,-102,-76,-26.38,-141.97,-15.83,-116.04,0.31
86.7,-102,-130,28.13,-131.56,16.88,-101.98,0.44
86.8,-102,-157,54.51,-84.66,32.70,-74.72,0.21
86.9,-101,-149,48.47,-41.81,29.08,-50.49,-0.05
87.1,-102,-125,22.85,-21.45,13.71,-39.06,-0.20
87.2,-101,-86,-14.83,-25.55,-8.90,-46.48,-0.30
87.3,-101,-51,-50.00,-55.68,-30.00,-71.48,-0.28
87.5,-105,-42,-62.80,-101.76,-37.68,-102.88,-0.10
87.6,-118,-77,-40.63,-140.66,-24.38,-123.19,0.18
87.7,-150,-132,-18.11,-147.39,-10.87,-132.25,0.18
87.9,-160,-164,3.54,-142.93,2.12,-130.48,0.17
88.0,-160,-172,12.33,-128.18,7.40,-124.31,0.07
88.1,-160,-172,12.33,-116.84,7.40,-118.14,0.00
88.2,-160,-169,8.82,-110.74,5.29,-113.74,-0.03
88.4,-160,-162,1.78,-108.47,01.07,-112.85,-0.06
88.5,-160,-158,-1.74,-111.83,-1.04,-113.71,-0.03
88.6,-160,-160,0.02,-114.78,0.01,-113.70,0.01
88.8,-160,-158,-1.74,-113.67,-1.04,-114.57,-0.01
88.9,-160,-162,1.78,-115.62,01.07,-113.68,0.03
89.0,-160,-160,0.02,-112.58,0.01,-113.67,-0.01
89.1,-160,-162,1.78,-113.67,01.07,-112.78,0.01
89.3,-160,-160,0.02,-111.69,0.01,-112.76,-0.01
89.4,-160,-160,0.02,-112.76,0.01,-112.75,0.00
89.5,-160,-160,0.02,-112.74,0.01,-112.74,0.00
89.7,-160,-160,0.02,-112.73,0.01,-112.73,0.00
89.8,-160,-158,-1.74,-112.71,-1.04,-113.60,-0.01
89.9,-160,-164,3.54,-114.65,2.12,-111.83,0.04
90.0,-160,-158,-1.74,-109.66,-1.04,-112.69,-0.04
90.2,-160,-162,1.78,-113.78,01.07,-111.80,0.03
90.3,-160,-158,-1.74,-110.70,-1.04,-112.67,-0.03
90.4,-160,-162,1.78,-113.74,01.07,-111.78,0.03
90.6,-160,-158,-1.74,-110.68,-1.04,-112.65,-0.03
90.7,-160,-164,3.54,-113.72,2.12,-110.88,0.04
90.8,-160,-158,-1.74,-108.71,-1.04,-111.74,-0.04
91.0,-160,-164,3.54,-112.83,2.12,-109.97,0.04
91.1,-160,-158,-1.74,-107.81,-1.04,-110.84,-0.04
91.2,-160,-162,1.78,-111.92,01.07,-109.95,0.03
91.3,-160,-158,-1.74,-108.85,-1.04,-110.82,-0.03
91.5,-160,-162,1.78,-111.89,01.07,-109.93,0.03
91.6,-160,-158,-1.74,-108.83,-1.04,-110.79,-0.03
91.7,-160,-162,1.78,-111.86,01.07,-109.90,0.03
91.9,-160,-157,-3.49,-108.81,-2.10,-111.65,-0.04
92.0,-160,-162,1.78,-113.79,01.07,-110.76,0.04
92.1,-160,-158,-1.74,-109.65,-1.04,-111.63,-0.03
92.2,-160,-164,3.54,-112.70,2.12,-109.86,0.04
92.4,-160,-160,0.02,-107.69,0.01,-109.84,-0.03
92.5,-160,-160,0.02,-109.86,0.01,-109.83,0.00
92.6,-160,-157,-3.49,-109.82,-2.10,-111.58,-0.03
92.8,-160,-160,0.02,-113.70,0.01,-111.57,0.03
92.9,-160,-158,-1.74,-111.53,-1.04,-112.44,-0.01
93.0,-160,-162,1.78,-113.49,01.07,-111.54,0.03
93.2,-160,-160,0.02,-110.45,0.01,-111.53,-0.01
93.3,-160,-162,1.78,-111.53,01.07,-110.64,0.01
93.4,-160,-160,0.02,-109.56,0.01,-110.63,-0.01
93.5,-160,-158,-1.74,-110.63,-1.04,-111.50,-0.01
93.7,-160,-164,3.54,-112.55,2.12,-109.73,0.04
93.8,-160,-160,0.02,-107.56,0.01,-109.72,-0.03
93.9,-160,-158,-1.74,-109.73,-1.04,-110.58,-0.01
94.1,-160,-162,1.78,-111.64,01.07,-109.69,0.03
94.2,-160,-157,-3.49,-108.59,-2.10,-111.44,-0.04
94.3,-160,-162,1.78,-113.58,01.07,-110.55,0.04
94.4,-160,-158,-1.74,-109.44,-1.04,-111.42,-0.03
94.6,-160,-162,1.78,-112.48,01.07,-110.52,0.03
94.7,-160,-160,0.02,-109.43,0.01,-110.51,-0.01
94.8,-160,-160,0.02,-110.51,0.01,-110.50,0.00
95.0,-160,-160,0.02,-110.49,0.01,-110.49,0.00
95.1,-160,-158,-1.74,-110.48,-1.04,-111.36,-0.01
95.2,-160,-164,3.54,-112.41,2.12,-109.59,0.04
95.3,-160,-158,-1.74,-107.42,-1.04,-110.45,-0.04
95.5,-160,-164,3.54,-111.54,2.12,-108.68,0.04
95.6,-160,-157,-3.49,-106.52,-2.10,-110.43,-0.06
95.7,-160,-162,1.78,-112.58,01.07,-109.54,0.04
95.9,-160,-158,-1.74,-108.43,-1.04,-110.41,-0.03
96.0,-160,-160,0.02,-111.48,0.01,-110.40,0.01
96.1,-160,-155,-5.25,-110.37,-3.15,-113.02,-0.04
96.3,-160,-158,-1.74,-116.21,-1.04,-113.89,0.03
96.4,-160,-160,0.02,-114.90,0.01,-113.88,0.01
96.5,-160,-158,-1.74,-113.85,-1.04,-114.74,-0.01
96.6,-160,-165,5.30,-115.80,3.18,-112.10,0.06
96.8,-160,-162,1.78,-108.86,01.07,-111.20,-0.03
96.9,-160,-162,1.78,-110.16,01.07,-110.31,0.00
97.0,-160,-158,-1.74,-109.24,-1.04,-111.18,-0.03
97.2,-160,-164,3.54,-112.25,2.12,-109.41,0.04
97.3,-160,-157,-3.49,-107.24,-2.10,-111.16,-0.06
97.4,-160,-160,0.02,-113.31,0.01,-111.15,0.03
97.5,-160,-157,-3.49,-111.10,-2.10,-112.89,-0.03
97.7,-160,-164,3.54,-115.02,2.12,-111.12,0.06
97.8,-160,-160,0.02,-108.94,0.01,-111.11,-0.03
97.9,-160,-160,0.02,-111.12,0.01,-111.10,0.00
98.1,-160,-158,-1.74,-111.08,-1.04,-111.97,-0.01
98.2,-160,-164,3.54,-113.02,2.12,-110.20,0.04
98.3,-160,-158,-1.74,-108.03,-1.04,-111.06,-0.04
98.5,-160,-164,3.54,-112.15,2.12,-109.29,0.04
98.6,-160,-158,-1.74,-107.13,-1.04,-110.16,-0.04
98.7,-160,-164,3.54,-111.24,2.12,-108.39,0.04
98.8,-160,-158,-1.74,-106.22,-1.04,-109.26,-0.04
99.0,-160,-162,1.78,-110.34,01.07,-108.37,0.03
99.1,-160,-158,-1.74,-107.27,-1.04,-109.23,-0.03
99.2,-160,-162,1.78,-110.30,01.07,-108.34,0.03
99.4,-160,-158,-1.74,-107.25,-1.04,-109.21,-0.03
99.5,-160,-162,1.78,-110.28,01.07,-108.32,0.03
99.6,-160,-158,-1.74,-107.22,-1.04,-109.19,-0.03
99.7,-160,-160,0.02,-110.26,0.01,-109.18,0.01
99.9,-160,-157,-3.49,-109.15,-2.10,-110.92,-0.03
100.0,-160,-160,0.02,-113.05,0.01,-110.91,0.03
100.1,-160,-160,0.02,-110.87,0.01,-110.90,0.00
100.3,-160,-160,0.02,-110.89,0.01,-110.89,0.00
100.4,-160,-160,0.02,-110.87,0.01,-110.88,0.00
100.5,-160,-160,0.02,-110.86,0.01,-110.86,0.00
100.6,-160,-162,1.78,-110.85,01.07,-109.97,0.01
100.8,-160,-162,1.78,-108.89,01.07,-109.08,0.00
100.9,-160,-160,0.02,-108.01,0.01,-109.07,-0.01
101.0,-160,-162,1.78,-109.07,01.07,-108.18,0.01
101.2,-160,-158,-1.74,-107.10,-1.04,-109.05,-0.03
101.3,-160,-164,3.54,-110.12,2.12,-107.28,0.04
101.4,-160,-160,0.02,-105.11,0.01,-107.27,-0.03
101.6,-160,-158,-1.74,-107.28,-1.04,-108.13,-0.01
101.7,-160,-160,0.02,-109.19,0.01,-108.12,0.01
101.8,-160,-157,-3.49,-108.09,-2.10,-109.87,-0.03
101.9,-160,-162,1.78,-111.99,01.07,-108.98,0.04
102.1,-160,-158,-1.74,-107.87,-1.04,-109.84,-0.03
102.2,-160,-164,3.54,-110.91,2.12,-108.07,0.04
102.3,-160,-158,-1.74,-105.91,-1.04,-108.94,-0.04
102.5,-160,-162,1.78,-110.03,01.07,-108.05,0.03
102.6,-160,-158,-1.74,-106.95,-1.04,-108.92,-0.03
102.7,-160,-160,0.02,-109.99,0.01,-108.91,0.01
102.9,-160,-158,-1.74,-108.88,-1.04,-109.77,-0.01
103.0,-160,-162,1.78,-110.83,01.07,-108.88,0.03
103.1,-160,-158,-1.74,-107.79,-1.04,-109.75,-0.03
103.3,-160,-164,3.54,-110.82,2.12,-107.98,0.04
103.4,-160,-160,0.02,-105.81,0.01,-107.97,-0.03
103.5,-160,-160,0.02,-107.98,0.01,-107.96,0.00
103.6,-160,-158,-1.74,-107.94,-1.04,-108.82,-0.01
103.8,-160,-162,1.78,-109.88,01.07,-107.93,0.03
103.9,-160,-160,0.02,-106.84,0.01,-107.92,-0.01
104.0,-160,-160,0.02,-107.92,0.01,-107.91,0.00
104.2,-160,-158,-1.74,-107.90,-1.04,-108.78,-0.01
104.3,-160,-160,0.02,-109.83,0.01,-108.77,0.01
104.4,-160,-158,-1.74,-108.74,-1.04,-109.63,-0.01
104.6,-160,-164,3.54,-110.69,2.12,-107.86,0.04
104.7,-160,-160,0.02,-105.70,0.01,-107.85,-0.03
104.8,-160,-158,-1.74,-107.87,-1.04,-108.72,-0.01
104.9,-160,-162,1.78,-109.77,01.07,-107.83,0.03
105.1,-160,-160,0.02,-106.73,0.01,-107.82,-0.01
105.2,-160,-160,0.02,-107.82,0.01,-107.80,0.00
105.3,-160,-157,-3.49,-107.79,-2.10,-109.55,-0.03
105.5,-160,-160,0.02,-111.68,0.01,-109.54,0.03
105.6,-160,-157,-3.49,-109.50,-2.10,-111.29,-0.03
105.7,-160,-162,1.78,-113.41,01.07,-110.40,0.04
105.9,-160,-158,-1.74,-109.28,-1.04,-111.26,-0.03
106.0,-160,-165,5.30,-112.33,3.18,-108.61,0.06
106.1,-160,-160,0.02,-105.38,0.01,-108.60,-0.04
106.2,-160,-162,1.78,-108.63,01.07,-107.71,0.01
106.4,-160,-158,-1.74,-106.63,-1.04,-108.58,-0.03
106.5,-160,-162,1.78,-109.65,01.07,-107.69,0.03
106.6,-160,-160,0.02,-106.59,0.01,-107.68,-0.01
106.8,-160,-158,-1.74,-107.68,-1.04,-108.54,-0.01
106.9,-160,-162,1.78,-109.60,01.07,-107.65,0.03
107.0,-160,-160,0.02,-106.56,0.01,-107.64,-0.01
107.2,-160,-160,0.02,-107.64,0.01,-107.63,0.00
107.3,-160,-158,-1.74,-107.62,-1.04,-108.50,-0.01
107.4,-160,-162,1.78,-109.55,01.07,-107.61,0.03
107.5,-160,-158,-1.74,-106.51,-1.04,-108.47,-0.03
107.7,-160,-164,3.54,-109.54,2.12,-106.70,0.04
107.8,-160,-158,-1.74,-104.54,-1.04,-107.57,-0.04
107.9,-160,-162,1.78,-108.65,01.07,-106.68,0.03
108.1,-160,-157,-3.49,-105.58,-2.10,-108.43,-0.04
108.2,-160,-162,1.78,-110.56,01.07,-107.54,0.04
108.3,-160,-158,-1.74,-106.42,-1.04,-108.40,-0.03
108.5,-160,-164,3.54,-109.47,2.12,-106.63,0.04
108.6,-160,-160,0.02,-104.47,0.01,-106.62,-0.03
108.7,-160,-160,0.02,-106.63,0.01,-106.61,0.00
108.9,-160,-157,-3.49,-106.60,-2.10,-108.36,-0.03
109.0,-160,-162,1.78,-110.48,01.07,-107.47,0.04
109.1,-160,-160,0.02,-106.35,0.01,-107.45,-0.01
109.2,-160,-160,0.02,-107.45,0.01,-107.44,0.00
109.4,-160,-160,0.02,-107.43,0.01,-107.43,0.00
109.5,-160,-158,-1.74,-107.42,-1.04,-108.30,-0.01
109.6,-160,-164,3.54,-109.35,2.12,-106.53,0.04
109.8,-160,-160,0.02,-104.36,0.01,-106.52,-0.03
109.9,-160,-160,0.02,-106.53,0.01,-106.50,0.00
110.0,-160,-158,-1.74,-106.49,-1.04,-107.37,-0.01
110.2,-160,-162,1.78,-108.43,01.07,-106.48,0.03
110.3,-160,-160,0.02,-105.38,0.01,-106.47,-0.01
110.4,-160,-158,-1.74,-106.47,-1.04,-107.34,-0.01
110.5,-160,-162,1.78,-108.39,01.07,-106.45,0.03
110.7,-160,-157,-3.49,-105.35,-2.10,-108.19,-0.04
110.8,-160,-162,1.78,-110.33,01.07,-107.30,0.04
110.9,-160,-157,-3.49,-106.19,-2.10,-109.05,-0.04
111.1,-160,-164,3.54,-111.19,2.12,-107.28,0.06
111.2,-160,-160,0.02,-105.10,0.01,-107.27,-0.03
111.3,-160,-160,0.02,-107.28,0.01,-107.25,0.00
111.5,-160,-158,-1.74,-107.24,-1.04,-108.12,-0.01
111.6,-160,-162,1.78,-109.18,01.07,-107.23,0.03
111.7,-160,-160,0.02,-106.13,0.01,-107.22,-0.01
111.8,-160,-160,0.02,-107.22,0.01,-107.21,0.00
112.0,-160,-158,-1.74,-107.19,-1.04,-108.07,-0.01
112.1,-160,-164,3.54,-109.13,2.12,-106.30,0.04
112.2,-160,-158,-1.74,-104.14,-1.04,-107.17,-0.04
112.4,-160,-164,3.54,-108.26,2.12,-105.40,0.04
112.5,-160,-158,-1.74,-103.24,-1.04,-106.27,-0.04
112.6,-160,-162,1.78,-107.35,01.07,-105.38,0.03
112.8,-160,-158,-1.74,-104.28,-1.04,-106.25,-0.03
112.9,-160,-160,0.02,-107.32,0.01,-106.23,0.01
113.0,-160,-158,-1.74,-106.21,-1.04,-107.10,-0.01
113.2,-160,-160,0.02,-108.16,0.01,-107.09,0.01
113.3,-160,-158,-1.74,-107.06,-1.04,-107.96,-0.01
113.4,-160,-164,3.54,-109.01,2.12,-106.19,0.04
113.5,-160,-158,-1.74,-104.02,-1.04,-107.05,-0.04
113.7,-160,-162,1.78,-108.14,01.07,-106.16,0.03
113.8,-160,-158,-1.74,-105.07,-1.04,-107.03,-0.03
113.9,-160,-160,0.02,-108.10,0.01,-107.02,0.01
114.1,-160,-158,-1.74,-106.99,-1.04,-107.89,-0.01
114.2,-160,-160,0.02,-108.94,0.01,-107.88,0.01
114.3,-160,-157,-3.49,-107.85,-2.10,-109.62,-0.03
114.5,-160,-160,0.02,-111.75,0.01,-109.61,0.03
114.6,-160,-157,-3.49,-109.57,-2.10,-111.36,-0.03
114.7,-160,-162,1.78,-113.48,01.07,-110.47,0.04
114.8,-160,-160,0.02,-109.35,0.01,-110.45,-0.01
115.0,-160,-160,0.02,-110.45,0.01,-110.44,0.00
115.1,-160,-160,0.02,-110.43,0.01,-110.43,0.00
115.2,-160,-160,0.02,-110.42,0.01,-110.42,0.00
115.4,-160,-160,0.02,-110.41,0.01,-110.41,0.00
115.5,-160,-160,0.02,-110.39,0.01,-110.40,0.00
115.6,-160,-160,0.02,-110.38,0.01,-110.38,0.00
115.7,-160,-162,1.78,-110.37,01.07,-109.49,0.01
115.9,-160,-160,0.02,-108.41,0.01,-109.48,-0.01
116.0,-160,-160,0.02,-109.48,0.01,-109.47,0.00
116.1,-160,-158,-1.74,-109.46,-1.04,-110.34,-0.01
116.3,-160,-162,1.78,-111.39,01.07,-109.45,0.03
116.4,-160,-160,0.02,-108.35,0.01,-109.43,-0.01
116.5,-160,-160,0.02,-109.43,0.01,-109.42,0.00
116.7,-160,-160,0.02,-109.41,0.01,-109.41,0.00
116.8,-160,-160,0.02,-109.40,0.01,-109.40,0.00
116.9,-160,-160,0.02,-109.39,0.01,-109.39,0.00
117.0,-160,-160,0.02,-109.37,0.01,-109.38,0.00
117.2,-160,-160,0.02,-109.36,0.01,-109.36,0.00
117.3,-160,-160,0.02,-109.35,0.01,-109.35,0.00
117.4,-160,-160,0.02,-109.34,0.01,-109.34,0.00
117.6,-160,-158,-1.74,-109.33,-1.04,-110.21,-0.01
117.7,-160,-164,3.54,-111.26,2.12,-108.44,0.04
117.8,-160,-160,0.02,-106.27,0.01,-108.43,-0.03
118.0,-160,-160,0.02,-108.44,0.01,-108.41,0.00
118.1,-160,-157,-3.49,-108.40,-2.10,-110.16,-0.03
118.2,-160,-162,1.78,-112.29,01.07,-109.27,0.04
118.3,-160,-158,-1.74,-108.16,-1.04,-110.14,-0.03
118.5,-160,-162,1.78,-111.21,01.07,-109.25,0.03
118.6,-160,-158,-1.74,-108.15,-1.04,-110.11,-0.03
118.7,-160,-164,3.54,-111.18,2.12,-108.34,0.04
118.9,-160,-158,-1.74,-106.18,-1.04,-109.21,-0.04
119.0,-160,-164,3.54,-110.30,2.12,-107.44,0.04
119.1,-160,-160,0.02,-105.28,0.01,-107.43,-0.03
119.3,-160,-160,0.02,-107.44,0.01,-107.42,0.00
119.4,-160,-158,-1.74,-107.40,-1.04,-108.29,-0.01
119.5,-160,-162,1.78,-109.34,01.07,-107.39,0.03
119.6,-160,-155,-5.25,-106.30,-3.15,-110.02,-0.06
119.8,-160,-160,0.02,-113.23,0.01,-110.01,0.04
119.9,-160,-157,-3.49,-109.95,-2.10,-111.76,-0.03
120.0,-160,-162,1.78,-113.88,01.07,-110.87,0.04
119.2,-87,14.99,-69.82,-73.39,0.09,,
119.3,-87,22.03,-61.31,-71.19,0.07,,
119.5,-87,18.51,-53.49,-69.33,-0.03,,
119.6,-87,9.72,-54.56,-68.36,-0.09,,
119.7,-87,-0.83,-60.67,-68.45,-0.10,,
119.8,-87,-0.83,-69.22,-68.53,0.00,,
120.0,-87,0.92,-69.20,-68.44,0.02,,