Tempo(s),Setpoint(RPM),Vel(RPM),erro(RPM),Controle,AcaoP,AcaoI
2.2,137,0,137.00,0.00,82.20,68.50
2.3,137,18,119.42,150.70,71.65,128.21
2.4,138,86,51.83,199.86,31.10,154.12
2.5,138,127,11.39,185.22,6.83,159.82
2.6,137,141,-3.68,166.65,-2.21,157.98
2.7,138,142,-4.44,155.77,-2.66,155.76
2.8,137,142,-5.44,153.10,-3.26,153.04
2.9,137,149,-12.47,149.78,-7.48,146.80
3.0,137,157,-19.51,139.32,-11.70,137.05
3.1,138,157,-18.51,125.35,-11.10,127.80
3.2,137,153,-15.99,116.69,-9.59,119.80
3.4,137,146,-8.96,110.21,-5.37,115.32
3.5,139,141,-1.68,109.95,-1.01,114.48
3.6,137,137,-0.16,113.48,-0.10,114.40
3.7,138,137,0.84,114.31,0.50,114.82
3.8,137,134,3.35,115.32,02.01,116.50
3.9,137,134,3.35,118.51,02.01,118.18
4.0,137,135,1.60,120.19,0.96,118.97
4.1,137,137,-0.16,119.93,-0.10,118.89
4.2,137,141,-3.68,118.79,-2.21,117.05
4.3,137,141,-3.68,114.84,-2.21,115.21
4.5,138,139,-0.92,113.00,-0.55,114.75
4.6,137,139,-1.92,114.20,-1.15,113.79
4.7,138,139,-0.92,112.64,-0.55,113.33
4.8,137,137,-0.16,112.78,-0.10,113.25
4.9,138,139,-0.92,113.15,-0.55,112.79
5.0,137,137,-0.16,112.24,-0.10,112.71
5.1,137,137,-0.16,112.61,-0.10,112.62
5.2,137,137,-0.16,112.53,-0.10,112.54
5.4,137,135,1.60,112.45,0.96,113.34
5.5,137,134,3.35,114.30,02.01,115.02
5.6,137,135,1.60,117.03,0.96,115.82
5.7,138,135,2.60,116.77,1.56,117.11
5.8,137,137,-0.16,118.67,-0.10,117.03
5.9,138,139,-0.92,116.93,-0.55,116.57
6.0,137,139,-1.92,116.02,-1.15,115.61
6.1,139,141,-1.68,114.46,-1.01,114.77
6.2,137,139,-1.92,113.76,-1.15,113.81
6.3,137,139,-1.92,112.66,-1.15,112.85
6.5,137,137,-0.16,111.70,-0.10,112.77
6.6,137,139,-1.92,112.67,-1.15,111.81
6.7,137,137,-0.16,110.65,-0.10,111.73
6.8,137,135,1.60,111.63,0.96,112.52
6.9,138,134,4.35,113.48,2.61,114.70
7.0,137,134,3.35,117.31,02.01,116.38
7.1,138,135,2.60,118.39,1.56,117.68
7.2,137,135,1.60,119.23,0.96,118.47
7.3,138,137,0.84,119.43,0.50,118.89
7.4,137,137,-0.16,119.39,-0.10,118.81
7.6,138,141,-2.68,118.71,-1.61,117.47
7.7,137,141,-3.68,115.86,-2.21,115.63
7.8,137,141,-3.68,113.42,-2.21,113.79
7.9,137,141,-3.68,111.58,-2.21,111.95
8.0,137,139,-1.92,109.74,-1.15,110.99
8.1,138,135,2.60,109.84,1.56,112.29
8.2,137,134,3.35,113.84,02.01,113.96
8.3,138,134,4.35,115.98,2.61,116.14
8.4,138,134,4.35,118.75,2.61,118.32
8.5,138,135,2.60,120.93,1.56,119.62
8.7,137,135,1.60,121.17,0.96,120.41
8.8,138,137,0.84,121.37,0.50,120.83
8.9,137,139,-1.92,121.33,-1.15,119.87
9.0,137,142,-5.44,118.72,-3.26,117.15
9.1,133,141,-7.68,113.89,-4.61,113.31
9.2,127,139,-11.92,108.70,-7.15,107.35
9.3,122,139,-16.92,100.20,-10.15,98.89
9.4,117,135,-18.40,88.74,-11.04,89.69
9.5,112,128,-16.37,78.65,-9.82,81.50
9.7,104,120,-15.58,71.68,-9.35,73.71
9.8,96,111,-14.79,64.37,-8.87,66.32
9.9,88,104,-15.75,57.45,-9.45,58.45
10.0,81,93,-12.20,49.00,-7.32,52.35
10.1,75,83,-7.65,45.03,-4.59,48.52
10.2,71,70,0.66,43.93,0.40,48.85
10.3,69,60,9.21,49.25,5.53,53.46
10.4,68,56,11.73,58.98,07.04,59.32
10.5,65,56,8.73,66.36,5.24,63.68
10.6,65,62,3.45,68.92,02.07,65.41
10.7,65,69,-3.58,67.48,-2.15,63.62
10.8,65,74,-8.86,61.47,-5.31,59.19
11.0,64,77,-13.37,53.88,-8.02,52.50
11.1,64,74,-9.86,44.48,-5.91,47.58
11.2,65,65,-0.06,41.66,-0.04,47.54
11.3,64,56,7.73,47.51,4.64,51.41
11.4,65,51,14.00,56.04,8.40,58.41
11.5,64,51,13.00,66.81,7.80,64.91
11.6,64,58,5.97,72.71,3.58,67.90
11.7,64,67,-2.82,71.48,-1.69,66.48
11.8,64,77,-13.37,64.79,-8.02,59.80
11.9,64,79,-15.13,51.77,-9.08,52.23
12.0,64,76,-11.62,43.15,-6.97,46.42
12.1,64,67,-2.82,39.45,-1.69,45.01
12.2,64,56,7.73,43.32,4.64,48.88
12.4,64,47,16.52,53.51,9.91,57.14
12.5,64,46,18.28,67.05,10.97,66.28
12.6,64,56,7.73,77.24,4.64,70.14
12.7,65,69,-3.58,74.78,-2.15,68.35
12.8,65,79,-14.13,66.20,-8.48,61.28
12.9,64,83,-18.65,52.80,-11.19,51.96
13.0,64,81,-16.89,40.77,-10.13,43.51
13.1,64,69,-4.58,33.38,-2.75,41.22
13.2,64,55,9.49,38.47,5.69,45.97
13.3,65,42,22.80,51.66,13.68,57.36
13.4,64,42,21.80,71.04,13.08,68.26
13.5,64,53,11.25,81.34,6.75,73.88
13.6,65,69,-3.58,80.63,-2.15,72.09
13.8,65,83,-17.65,69.94,-10.59,63.27
13.9,64,88,-23.92,52.68,-14.35,51.31
14.0,64,83,-18.65,36.95,-11.19,41.98
14.1,65,72,-7.10,30.79,-4.26,38.43
14.2,65,55,10.49,34.17,6.29,43.68
14.3,65,40,24.55,49.97,14.73,55.95
14.4,64,39,25.31,70.69,15.19,68.61
14.5,64,49,14.76,83.80,8.86,75.99
14.6,65,67,-1.82,84.85,-1.09,75.08
14.7,64,83,-18.65,73.98,-11.19,65.75
14.8,65,90,-24.68,54.56,-14.81,53.41
15.0,64,86,-22.17,38.60,-13.30,42.33
15.1,64,74,-9.86,29.03,-5.91,37.40
15.2,65,55,10.49,31.49,6.29,42.64
15.3,64,42,21.80,48.94,13.08,53.54
15.4,66,37,29.07,66.62,17.44,68.08
15.5,66,46,20.28,85.52,12.17,78.22
15.6,64,67,-2.82,90.38,-1.69,76.81
15.7,66,84,-18.41,75.11,-11.04,67.60
15.8,65,93,-28.20,56.56,-16.92,53.50
15.9,64,91,-27.44,36.58,-16.47,39.78
16.0,65,76,-10.62,23.32,-6.37,34.47
16.2,65,56,8.73,28.10,5.24,38.84
16.3,64,39,25.31,44.07,15.19,51.49
16.4,65,33,31.59,66.68,18.95,67.29
16.5,64,42,21.80,86.24,13.08,78.19
16.6,64,63,0.69,91.26,0.42,78.53
16.7,65,83,-17.65,78.95,-10.59,69.71
16.8,64,95,-30.96,59.12,-18.58,54.23
16.9,65,91,-26.44,35.65,-15.87,41.01
17.0,65,77,-12.37,25.14,-7.42,34.82
17.1,64,60,4.21,27.40,2.53,36.93
17.2,65,40,24.55,39.45,14.73,49.20
17.3,65,32,33.35,63.94,20.01,65.88
17.5,64,39,25.31,85.88,15.19,78.53
17.6,64,60,4.21,93.72,2.53,80.64
17.7,64,81,-16.89,83.17,-10.13,72.19
17.8,65,95,-29.96,62.06,-17.98,57.21
17.9,64,95,-30.96,39.24,-18.58,41.73
18.0,65,83,-17.65,23.16,-10.59,32.91
18.1,65,63,1.69,22.32,01.02,33.76
18.2,64,42,21.80,34.77,13.08,44.65
18.3,65,30,35.11,57.73,21.06,62.21
18.4,65,32,33.35,83.27,20.01,78.88
18.5,65,55,10.49,98.89,6.29,84.12
18.6,64,79,-15.13,90.42,-9.08,76.56
18.8,64,98,-34.48,67.48,-20.69,59.32
18.9,64,100,-36.23,38.63,-21.74,41.20
19.0,65,88,-22.92,19.46,-13.75,29.74
19.1,65,65,-0.06,15.99,-0.04,29.71
19.2,65,42,22.80,29.67,13.68,41.11
19.3,64,26,37.62,54.78,22.57,59.92
19.4,65,26,38.62,82.49,23.17,79.23
19.5,64,51,13.00,102.40,7.80,85.73
19.6,64,77,-13.37,93.53,-8.02,79.04
19.7,64,98,-34.48,71.02,-20.69,61.81
19.8,66,102,-35.99,41.12,-21.60,43.81
20.0,64,91,-27.44,22.21,-16.47,30.09
20.1,64,69,-4.58,13.62,-2.75,27.80
20.2,65,44,21.04,25.05,12.62,38.32
20.3,67,26,40.62,50.94,24.37,58.63
20.4,71,26,44.62,83.00,26.77,80.94
20.5,75,46,29.28,107.71,17.57,95.58
20.6,80,81,-0.89,113.15,-0.53,95.13
20.7,83,106,-22.51,94.60,-13.51,83.88
20.8,87,118,-30.82,70.37,-18.49,68.47
20.9,90,113,-22.54,49.98,-13.53,57.20
21.1,93,98,-5.48,43.67,-3.29,54.46
21.2,93,81,12.11,51.17,7.27,60.51
21.3,93,70,22.66,67.78,13.60,71.84
21.4,93,70,22.66,85.44,13.60,83.17
21.5,93,81,12.11,96.77,7.27,89.23
21.6,93,93,-0.20,96.49,-0.12,89.13
21.7,93,106,-12.51,89.01,-7.51,82.87
21.8,93,111,-17.79,75.37,-10.67,73.98
21.9,93,111,-17.79,63.31,-10.67,65.09
22.0,93,104,-10.75,54.41,-6.45,59.71
22.1,93,91,1.56,53.26,0.93,60.49
22.2,93,79,13.87,61.42,8.32,67.42
22.4,93,77,15.63,75.74,9.38,75.24
22.5,93,79,13.87,84.61,8.32,82.17
22.6,93,88,05.08,90.49,03.05,84.71
22.7,93,97,-3.72,87.75,-2.23,82.85
22.8,93,104,-10.75,80.62,-6.45,77.47
22.9,93,107,-14.27,71.02,-8.56,70.34
23.0,93,104,-10.75,61.78,-6.45,64.96
23.1,93,97,-3.72,58.51,-2.23,63.10
23.2,93,88,05.08,60.87,03.05,65.64
23.3,93,83,10.35,68.69,6.21,70.82
23.4,93,81,12.11,77.03,7.27,76.87
23.5,93,84,8.59,84.14,5.16,81.17
23.6,93,91,1.56,86.32,0.93,81.95
23.8,93,98,-5.48,82.88,-3.29,79.21
23.9,93,102,-8.99,75.92,-5.40,74.71
24.0,93,104,-10.75,69.32,-6.45,69.34
24.1,93,102,-8.99,62.89,-5.40,64.84
24.2,93,93,-0.20,59.44,-0.12,64.74
24.3,93,86,6.83,64.62,4.10,68.16
24.4,93,83,10.35,72.26,6.21,73.33
24.5,93,83,10.35,79.54,6.21,78.51
24.6,93,88,05.08,84.72,03.05,81.04
24.7,93,93,-0.20,84.09,-0.12,80.94
24.8,93,100,-7.23,80.82,-4.34,77.33
24.9,93,102,-8.99,72.99,-5.40,72.83
25.1,93,102,-8.99,67.43,-5.40,68.33
25.2,93,97,-3.72,62.94,-2.23,66.48
25.3,93,90,3.32,64.24,1.99,68.13
25.4,93,84,8.59,70.12,5.16,72.43
25.5,93,84,8.59,77.58,5.16,76.73
25.6,93,88,05.08,81.88,03.05,79.26
25.7,93,91,1.56,82.31,0.93,80.04
25.8,93,95,-1.96,80.98,-1.18,79.06
25.9,93,102,-8.99,77.89,-5.40,74.57
26.0,93,100,-7.23,69.17,-4.34,70.95
26.1,93,100,-7.23,66.61,-4.34,67.33
26.2,93,93,-0.20,62.99,-0.12,67.23
26.3,93,90,3.32,67.11,1.99,68.89
26.5,93,84,8.59,70.88,5.16,73.19
26.6,93,83,10.35,78.34,6.21,78.36
26.7,93,88,05.08,84.57,03.05,80.90
26.8,93,93,-0.20,83.94,-0.12,80.80
26.9,93,100,-7.23,80.68,-4.34,77.18
27.0,93,102,-8.99,72.84,-5.40,72.68
27.1,93,102,-8.99,67.29,-5.40,68.19
27.2,93,97,-3.72,62.79,-2.23,66.33
27.3,93,91,1.56,64.10,0.93,67.11
27.4,93,84,8.59,68.04,5.16,71.40
27.5,93,84,8.59,76.56,5.16,75.70
27.6,93,86,6.83,80.86,4.10,79.12
27.7,93,90,3.32,83.22,1.99,80.78
27.8,93,97,-3.72,82.77,-2.23,78.92
28.0,93,100,-7.23,76.69,-4.34,75.30
28.1,93,102,-8.99,70.96,-5.40,70.80
28.2,93,100,-7.23,65.41,-4.34,67.19
28.3,93,95,-1.96,62.84,-1.18,66.21
28.4,93,90,3.32,65.03,1.99,67.86
28.5,93,84,8.59,69.85,5.16,72.16
28.6,93,83,10.35,77.32,6.21,77.34
28.7,95,88,07.08,83.55,4.25,80.87
28.8,95,93,1.80,85.12,01.08,81.77
28.9,96,97,-0.72,82.85,-0.43,81.41
29.0,94,102,-7.99,80.98,-4.80,77.42
29.1,99,104,-4.75,72.62,-2.85,75.04
29.2,106,102,04.01,72.19,2.40,77.05
29.4,117,97,20.28,79.45,12.17,87.19
29.5,131,97,34.28,99.36,20.57,104.33
29.6,152,104,48.25,124.90,28.95,128.45
29.7,160,121,38.66,157.40,23.20,147.78
29.8,160,139,21.08,170.98,12.65,158.32
29.9,160,151,8.77,170.97,5.26,162.71
30.0,160,155,5.25,167.97,3.15,165.33
30.1,160,157,3.49,168.49,2.10,167.08
30.2,160,157,3.49,169.18,2.10,168.83
30.4,160,157,3.49,170.92,2.10,170.57
30.5,160,158,1.74,172.67,01.04,171.44
30.6,160,158,1.74,172.48,01.04,172.31
30.7,160,160,-0.02,173.35,-0.01,172.30
30.8,160,164,-3.54,172.28,-2.12,170.53
30.9,160,162,-1.78,168.40,-1.07,169.64
31.0,160,164,-3.54,168.57,-2.12,167.87
31.1,160,162,-1.78,165.74,-1.07,166.98
31.2,160,164,-3.54,165.91,-2.12,165.21
31.4,160,162,-1.78,163.08,-1.07,164.31
31.5,159,162,-2.78,163.24,-1.67,162.92
31.6,159,162,-2.78,161.25,-1.67,161.53
31.7,160,162,-1.78,159.86,-1.07,160.64
31.8,160,160,-0.02,159.57,-0.01,160.63
31.9,160,162,-1.78,160.62,-1.07,159.74
32.0,160,160,-0.02,158.67,-0.01,159.73
32.1,160,160,-0.02,159.71,-0.01,159.72
32.3,160,160,-0.02,159.70,-0.01,159.70
32.4,160,162,-1.78,159.69,-1.07,158.81
32.5,160,160,-0.02,157.74,-0.01,158.80
32.6,160,162,-1.78,158.79,-1.07,157.91
32.7,160,160,-0.02,156.84,-0.01,157.90
32.8,160,160,-0.02,157.88,-0.01,157.89
32.9,160,162,-1.78,157.87,-1.07,157.00
33.0,160,160,-0.02,155.93,-0.01,156.98
33.2,160,158,1.74,156.97,01.04,157.85
33.3,159,157,2.49,158.89,1.50,159.10
33.4,160,157,3.49,160.59,2.10,160.84
33.5,159,157,2.49,162.94,1.50,162.09
33.6,159,160,-1.02,163.59,-0.61,161.58
33.7,160,162,-1.78,160.97,-1.07,160.69
33.8,160,160,-0.02,159.62,-0.01,160.68
33.9,160,162,-1.78,160.66,-1.07,159.79
34.0,160,160,-0.02,158.72,-0.01,159.77
34.2,160,162,-1.78,159.76,-1.07,158.88
34.3,160,160,-0.02,157.81,-0.01,158.87
34.4,160,160,-0.02,158.86,-0.01,158.86
34.5,160,160,-0.02,158.85,-0.01,158.85
34.6,160,162,-1.78,158.83,-1.07,157.96
34.7,160,160,-0.02,156.89,-0.01,157.95
34.8,160,158,1.74,157.93,01.04,158.81
34.9,160,155,5.25,159.85,3.15,161.44
35.1,160,157,3.49,164.59,2.10,163.19
35.2,160,157,3.49,165.28,2.10,164.93
35.3,160,157,3.49,167.03,2.10,166.68
35.4,160,160,-0.02,168.78,-0.01,166.67
35.5,160,162,-1.78,166.65,-1.07,165.78
35.6,159,162,-2.78,164.71,-1.67,164.39
35.7,159,164,-4.54,162.72,-2.72,162.12
35.8,160,160,-0.02,159.39,-0.01,162.10
35.9,160,162,-1.78,162.09,-1.07,161.21
36.1,160,162,-1.78,160.14,-1.07,160.32
36.2,160,162,-1.78,159.25,-1.07,159.43
36.3,160,160,-0.02,158.36,-0.01,159.42
36.4,160,162,-1.78,159.41,-1.07,158.53
36.5,160,160,-0.02,157.46,-0.01,158.52
36.6,160,160,-0.02,158.50,-0.01,158.50
36.7,160,162,-1.78,158.49,-1.07,157.61
36.8,160,160,-0.02,156.54,-0.01,157.60
37.0,160,160,-0.02,157.59,-0.01,157.59
37.1,160,160,-0.02,157.58,-0.01,157.58
37.2,146,160,-14.02,157.56,-8.41,150.57
37.3,128,162,-33.78,142.15,-20.27,133.68
37.4,108,162,-53.78,113.41,-32.27,106.78
37.5,87,153,-65.99,74.52,-39.59,73.79
37.6,72,137,-65.16,34.20,-39.10,41.21
37.7,63,116,-53.06,2.11,-31.84,14.68
37.9,63,84,-21.41,-17.16,-12.84,3.97
38.0,63,51,12.00,-8.87,7.20,9.98
38.1,63,19,43.66,17.18,26.19,31.80
38.2,63,-2,64.76,58.00,38.86,64.18
38.3,63,0,63.00,103.04,37.80,95.68
38.4,63,19,43.66,133.48,26.19,117.51
38.5,63,76,-12.62,143.71,-7.57,111.20
38.6,63,120,-56.58,103.63,-33.95,82.92
38.7,63,130,-67.13,48.97,-40.28,49.35
38.8,63,118,-54.82,09.07,-32.89,21.94
39.0,62,90,-27.68,-10.95,-16.61,8.10
39.1,63,58,4.97,-8.51,2.98,10.58
39.2,62,28,33.86,13.57,20.32,27.52
39.3,59,9,50.21,47.83,30.12,52.62
39.4,53,0,53.00,82.74,31.80,79.12
39.5,43,0,43.00,110.92,25.80,100.62
39.6,26,25,1.38,126.42,0.83,101.31
39.7,5,79,-74.13,102.14,-44.48,64.24
39.8,-19,109,-128.03,19.76,-76.82,0.23
39.9,-42,98,-140.48,-76.59,-84.29,-70.01
40.0,-62,23,-84.86,-154.29,-50.92,-112.44
40.2,-79,-69,-10.42,-163.35,-6.25,-117.65
40.3,-92,-121,29.34,-123.90,17.60,-102.98
40.4,-106,-134,27.65,-85.38,16.59,-89.16
40.5,-117,-125,7.85,-72.57,4.71,-85.23
40.6,-128,-109,-18.97,-80.52,-11.38,-94.72
40.7,-139,-104,-35.25,-106.10,-21.15,-112.34
40.9,-142,-109,-32.97,-133.49,-19.78,-128.83
41.0,-144,-125,-19.15,-148.61,-11.49,-138.40
41.1,-153,-141,-12.32,-149.89,-7.39,-144.56
41.2,-160,-148,-12.29,-151.95,-7.37,-150.70
41.3,-160,-153,-7.01,-158.07,-4.21,-154.21
41.4,-160,-157,-3.49,-158.41,-2.10,-155.95
41.6,-160,-158,-1.74,-158.05,-1.04,-156.82
41.7,-160,-160,0.02,-157.86,0.01,-156.81
41.8,-160,-158,-1.74,-156.80,-1.04,-157.68
41.9,-160,-160,0.02,-158.72,0.01,-157.67
42.0,-160,-160,0.02,-157.65,0.01,-157.65
42.1,-160,-158,-1.74,-157.64,-1.04,-158.52
42.2,-160,-164,3.54,-159.56,2.12,-156.75
42.4,-160,-158,-1.74,-154.63,-1.04,-157.62
42.5,-160,-164,3.54,-158.66,2.12,-155.85
42.6,-160,-160,0.02,-153.72,0.01,-155.84
42.7,-160,-158,-1.74,-155.82,-1.04,-156.71
42.8,-160,-164,3.54,-157.75,2.12,-154.93
42.9,-160,-160,0.02,-152.81,0.01,-154.92
43.1,-160,-160,0.02,-154.91,0.01,-154.91
43.2,-160,-160,0.02,-154.90,0.01,-154.90
43.3,-160,-160,0.02,-154.89,0.01,-154.89
43.4,-160,-160,0.02,-154.87,0.01,-154.88
43.5,-160,-160,0.02,-154.86,0.01,-154.86
43.6,-160,-160,0.02,-154.85,0.01,-154.85
43.7,-160,-162,1.78,-154.84,01.07,-153.96
43.9,-160,-160,0.02,-152.89,0.01,-153.95
44.0,-160,-162,1.78,-153.94,01.07,-153.06
44.1,-160,-162,1.78,-151.99,01.07,-152.17
44.2,-160,-160,0.02,-151.10,0.01,-152.16
44.3,-160,-160,0.02,-152.14,0.01,-152.14
44.4,-160,-162,1.78,-152.13,01.07,-151.25
44.5,-160,-162,1.78,-150.18,01.07,-150.36
44.7,-160,-160,0.02,-149.29,0.01,-150.35
44.8,-160,-160,0.02,-150.34,0.01,-150.34
44.9,-160,-162,1.78,-150.33,01.07,-149.45
45.0,-160,-160,0.02,-148.38,0.01,-149.44
45.1,-160,-160,0.02,-149.42,0.01,-149.43
45.2,-160,-160,0.02,-149.41,0.01,-149.41
45.3,-160,-160,0.02,-149.40,0.01,-149.40
45.5,-160,-160,0.02,-149.39,0.01,-149.39
45.6,-160,-162,1.78,-149.38,01.07,-148.50
45.7,-160,-160,0.02,-147.43,0.01,-148.49
45.8,-160,-160,0.02,-148.47,0.01,-148.48
45.9,-160,-160,0.02,-148.46,0.01,-148.46
46.0,-160,-160,0.02,-148.45,0.01,-148.45
46.1,-160,-160,0.02,-148.44,0.01,-148.44
46.3,-160,-160,0.02,-148.43,0.01,-148.43
46.4,-160,-160,0.02,-148.41,0.01,-148.42
46.5,-160,-160,0.02,-148.40,0.01,-148.41
46.6,-160,-160,0.02,-148.39,0.01,-148.39
46.7,-160,-160,0.02,-148.38,0.01,-148.38
46.8,-160,-160,0.02,-148.37,0.01,-148.37
46.9,-160,-162,1.78,-148.36,01.07,-147.48
47.1,-160,-160,0.02,-146.41,0.01,-147.47
47.2,-160,-162,1.78,-147.45,01.07,-146.58
47.3,-160,-160,0.02,-145.51,0.01,-146.56
47.4,-160,-160,0.02,-146.55,0.01,-146.55
47.5,-160,-162,1.78,-146.54,01.07,-145.66
47.6,-160,-160,0.02,-144.59,0.01,-145.65
47.7,-160,-160,0.02,-145.64,0.01,-145.64
47.9,-160,-160,0.02,-145.62,0.01,-145.63
48.0,-160,-160,0.02,-145.61,0.01,-145.62
48.1,-160,-158,-1.74,-145.60,-1.04,-146.48
48.2,-160,-164,3.54,-147.52,2.12,-144.71
48.3,-160,-160,0.02,-142.59,0.01,-144.70
48.4,-160,-160,0.02,-144.69,0.01,-144.69
48.5,-160,-160,0.02,-144.67,0.01,-144.68
48.7,-160,-158,-1.74,-144.66,-1.04,-145.54
48.8,-160,-164,3.54,-146.59,2.12,-143.77
48.9,-160,-160,0.02,-141.65,0.01,-143.76
49.0,-160,-158,-1.74,-143.75,-1.04,-144.63
49.1,-153,-162,8.78,-145.67,5.27,-140.24
49.2,-143,-160,17.02,-134.97,10.21,-131.73
49.4,-133,-160,27.02,-121.51,16.21,-118.22
49.5,-125,-157,31.51,-102.00,18.90,-102.46
49.6,-119,-149,30.47,-83.56,18.28,-87.23
49.7,-114,-135,21.40,-68.94,12.84,-76.52
49.8,-110,-121,11.34,-63.68,6.80,-70.86
49.9,-105,-107,2.27,-64.05,1.36,-69.72
50.0,-102,-95,-7.04,-68.36,-4.22,-73.24
50.2,-101,-91,-9.56,-77.47,-5.73,-78.02
50.3,-101,-91,-9.56,-83.76,-5.73,-82.80
50.4,-101,-95,-6.04,-88.54,-3.62,-85.82
50.5,-102,-102,-0.01,-89.45,-0.00,-85.82
50.6,-102,-109,07.03,-85.83,4.22,-82.31
50.7,-104,-107,3.27,-78.09,1.96,-80.68
50.8,-102,-107,5.27,-78.72,3.16,-78.04
50.9,-101,-104,2.75,-74.88,1.65,-76.67
51.1,-101,-100,-0.77,-75.02,-0.46,-77.05
51.2,-101,-102,0.99,-77.51,0.60,-76.55
51.3,-101,-97,-4.28,-75.96,-2.57,-78.69
51.4,-102,-98,-3.52,-81.26,-2.11,-80.46
51.5,-101,-100,-0.77,-82.57,-0.46,-80.84
51.6,-99,-102,2.99,-81.30,1.80,-79.34
51.7,-95,-100,5.23,-77.55,3.14,-76.73
51.8,-90,-102,11.99,-73.58,7.20,-70.73
52.0,-87,-98,11.48,-63.53,6.89,-64.99
52.1,-86,-93,7.20,-58.11,4.32,-61.39
52.2,-84,-84,0.41,-57.07,0.24,-61.19
52.3,-83,-76,-7.38,-60.94,-4.43,-64.88
52.4,-82,-74,-8.14,-69.31,-4.89,-68.95
52.5,-83,-76,-7.38,-73.84,-4.43,-72.64
52.6,-83,-81,-2.11,-77.07,-1.27,-73.70
52.7,-83,-86,3.17,-74.96,1.90,-72.11
52.9,-83,-88,4.92,-70.21,2.95,-69.65
53.0,-83,-88,4.92,-66.70,2.95,-67.19
53.1,-83,-84,1.41,-64.23,0.84,-66.49
53.2,-82,-83,0.65,-65.64,0.39,-66.16
53.3,-82,-81,-1.11,-65.77,-0.67,-66.71
53.4,-83,-81,-2.11,-67.38,-1.27,-67.77
53.5,-83,-81,-2.11,-69.03,-1.27,-68.82
53.6,-83,-83,-0.35,-70.09,-0.21,-69.00
53.7,-83,-83,-0.35,-69.21,-0.21,-69.17
53.9,-83,-84,1.41,-69.38,0.84,-68.47
54.0,-83,-84,1.41,-67.63,0.84,-67.77
54.1,-83,-83,-0.35,-66.92,-0.21,-67.94
54.2,-83,-81,-2.11,-68.15,-1.27,-69.00
54.3,-83,-83,-0.35,-70.26,-0.21,-69.17
54.4,-83,-83,-0.35,-69.38,-0.21,-69.35
54.5,-83,-84,1.41,-69.56,0.84,-68.64
54.6,-83,-83,-0.35,-67.80,-0.21,-68.82
54.7,-83,-84,1.41,-69.03,0.84,-68.11
54.9,-83,-83,-0.35,-67.27,-0.21,-68.29
55.0,-83,-84,1.41,-68.50,0.84,-67.59
55.1,-83,-83,-0.35,-66.74,-0.21,-67.76
55.2,-83,-83,-0.35,-67.97,-0.21,-67.94
55.3,-82,-83,0.65,-68.15,0.39,-67.61
55.4,-82,-83,0.65,-67.22,0.39,-67.29
55.5,-83,-81,-2.11,-66.90,-1.27,-68.34
55.6,-83,-83,-0.35,-69.61,-0.21,-68.52
55.7,-83,-81,-2.11,-68.73,-1.27,-69.57
55.9,-85,-84,-0.59,-70.84,-0.36,-69.87
56.0,-83,-83,-0.35,-70.22,-0.21,-70.04
56.1,-83,-84,1.41,-70.25,0.84,-69.34
56.2,-83,-84,1.41,-68.49,0.84,-68.63
56.3,-83,-83,-0.35,-67.79,-0.21,-68.81
56.4,-83,-84,1.41,-69.02,0.84,-68.11
56.5,-83,-81,-2.11,-67.26,-1.27,-69.16
56.6,-82,-83,0.65,-70.43,0.39,-68.84
56.8,-83,-83,-0.35,-68.45,-0.21,-69.01
56.9,-83,-84,1.41,-69.22,0.84,-68.31
57.0,-83,-83,-0.35,-67.46,-0.21,-68.48
57.1,-83,-84,1.41,-68.69,0.84,-67.78
57.2,-83,-81,-2.11,-66.93,-1.27,-68.83
57.3,-83,-83,-0.35,-70.10,-0.21,-69.01
57.4,-83,-83,-0.35,-69.22,-0.21,-69.18
57.5,-82,-84,2.41,-69.39,1.44,-67.98
57.6,-82,-83,0.65,-66.53,0.39,-67.65
57.8,-82,-81,-1.11,-67.26,-0.67,-68.21
57.9,-83,-83,-0.35,-68.87,-0.21,-68.38
58.0,-83,-83,-0.35,-68.59,-0.21,-68.56
58.1,-83,-83,-0.35,-68.77,-0.21,-68.73
58.2,-83,-83,-0.35,-68.94,-0.21,-68.91
58.3,-83,-84,1.41,-69.12,0.84,-68.21
58.4,-83,-81,-2.11,-67.36,-1.27,-69.26
58.5,-83,-84,1.41,-70.53,0.84,-68.56
58.7,-83,-83,-0.35,-67.71,-0.21,-68.73
58.8,-83,-83,-0.35,-68.94,-0.21,-68.91
58.9,-83,-84,1.41,-69.12,0.84,-68.20
59.0,-83,-81,-2.11,-67.36,-1.27,-69.26
59.1,-83,-84,1.41,-70.52,0.84,-68.55
59.2,-83,-83,-0.35,-67.71,-0.21,-68.73
59.3,-83,-84,1.41,-68.94,0.84,-68.02
59.4,-83,-83,-0.35,-67.18,-0.21,-68.20
59.5,-83,-84,1.41,-68.41,0.84,-67.50
59.7,-82,-83,0.65,-66.65,0.39,-67.17
59.8,-82,-83,0.65,-66.78,0.39,-66.85
59.9,-82,-83,0.65,-66.46,0.39,-66.52
60.0,-83,-81,-2.11,-66.13,-1.27,-67.58
60.1,-83,-81,-2.11,-68.84,-1.27,-68.63
60.2,-83,-83,-0.35,-69.90,-0.21,-68.81
60.3,-83,-84,1.41,-69.02,0.84,-68.10
60.4,-83,-83,-0.35,-67.26,-0.21,-68.28
60.5,-83,-86,3.17,-68.49,1.90,-66.69
60.7,-83,-83,-0.35,-64.79,-0.21,-66.87
60.8,-83,-84,1.41,-67.08,0.84,-66.17
60.9,-83,-81,-2.11,-65.32,-1.27,-67.22
61.0,-83,-83,-0.35,-68.48,-0.21,-67.39
61.1,-83,-81,-2.11,-67.61,-1.27,-68.45
61.2,-83,-83,-0.35,-69.71,-0.21,-68.62
61.3,-83,-84,1.41,-68.83,0.84,-67.92
61.4,-83,-83,-0.35,-67.08,-0.21,-68.10
61.5,-83,-83,-0.35,-68.31,-0.21,-68.27
61.7,-83,-84,1.41,-68.48,0.84,-67.57
61.8,-83,-83,-0.35,-66.72,-0.21,-67.74
61.9,-82,-83,0.65,-67.95,0.39,-67.42
62.0,-82,-81,-1.11,-67.03,-0.67,-67.97
62.1,-83,-81,-2.11,-68.64,-1.27,-69.03
62.2,-83,-83,-0.35,-70.29,-0.21,-69.20
62.3,-83,-84,1.41,-69.41,0.84,-68.50
62.4,-84,-83,-1.35,-67.65,-0.81,-69.17
62.6,-83,-84,1.41,-69.98,0.84,-68.47
62.7,-83,-83,-0.35,-67.62,-0.21,-68.64
62.8,-83,-84,1.41,-68.85,0.84,-67.94
62.9,-83,-83,-0.35,-67.10,-0.21,-68.12
63.0,-83,-84,1.41,-68.33,0.84,-67.41
63.1,-83,-83,-0.35,-66.57,-0.21,-67.59
63.2,-82,-84,2.41,-67.80,1.44,-66.38
63.3,-81,-81,-0.11,-64.94,-0.07,-66.44
63.4,-79,-81,1.89,-66.50,1.13,-65.49
63.6,-76,-79,3.13,-64.36,1.88,-63.93
63.7,-73,-77,4.37,-62.05,2.62,-61.74
63.8,-71,-77,6.37,-59.11,3.82,-58.55
63.9,-69,-74,4.86,-54.73,2.91,-56.12
64.0,-69,-69,-0.42,-53.21,-0.25,-56.33
64.1,-69,-67,-2.18,-56.58,-1.31,-57.42
64.2,-69,-63,-5.69,-58.73,-3.42,-60.27
64.3,-69,-63,-5.69,-63.68,-3.42,-63.12
64.4,-69,-67,-2.18,-66.53,-1.31,-64.20
64.6,-69,-70,1.34,-65.51,0.80,-63.53
64.7,-70,-72,2.10,-62.73,1.26,-62.48
64.8,-69,-72,3.10,-61.23,1.86,-60.94
64.9,-69,-74,4.86,-59.08,2.91,-58.51
65.0,-69,-70,1.34,-55.59,0.80,-57.84
65.1,-69,-69,-0.42,-57.03,-0.25,-58.05
65.2,-69,-69,-0.42,-58.30,-0.25,-58.26
65.3,-69,-65,-3.94,-58.51,-2.36,-60.22
65.4,-69,-67,-2.18,-62.58,-1.31,-61.31
65.6,-69,-67,-2.18,-62.62,-1.31,-62.40
65.7,-69,-70,1.34,-63.71,0.80,-61.73
65.8,-69,-70,1.34,-60.93,0.80,-61.06
65.9,-69,-72,3.10,-60.26,1.86,-59.51
66.0,-69,-70,1.34,-57.65,0.80,-58.84
66.1,-69,-69,-0.42,-58.04,-0.25,-59.05
66.2,-69,-69,-0.42,-59.30,-0.25,-59.26
66.3,-69,-69,-0.42,-59.51,-0.25,-59.47
66.4,-69,-69,-0.42,-59.72,-0.25,-59.68
66.6,-69,-69,-0.42,-59.93,-0.25,-59.89
66.7,-69,-67,-2.18,-60.14,-1.31,-60.98
66.8,-69,-69,-0.42,-62.28,-0.25,-61.19
66.9,-69,-70,1.34,-61.44,0.80,-60.52
67.0,-69,-69,-0.42,-59.71,-0.25,-60.72
67.1,-69,-70,1.34,-60.98,0.80,-60.05
67.2,-69,-69,-0.42,-59.25,-0.25,-60.26
67.3,-69,-69,-0.42,-60.51,-0.25,-60.47
67.5,-69,-70,1.34,-60.72,0.80,-59.80
67.6,-69,-69,-0.42,-59.00,-0.25,-60.01
67.7,-69,-69,-0.42,-60.26,-0.25,-60.22
67.8,-69,-69,-0.42,-60.47,-0.25,-60.43
67.9,-69,-70,1.34,-60.68,0.80,-59.76
68.0,-69,-67,-2.18,-58.96,-1.31,-60.85
68.1,-69,-70,1.34,-62.16,0.80,-60.18
68.2,-69,-69,-0.42,-59.38,-0.25,-60.39
68.3,-69,-70,1.34,-60.64,0.80,-59.72
68.5,-69,-69,-0.42,-58.91,-0.25,-59.93
68.6,-69,-69,-0.42,-60.18,-0.25,-60.14
68.7,-69,-69,-0.42,-60.39,-0.25,-60.35
68.8,-69,-70,1.34,-60.60,0.80,-59.68
68.9,-69,-69,-0.42,-58.87,-0.25,-59.89
69.0,-71,-69,-2.42,-60.14,-1.45,-61.09
69.1,-70,-69,-1.42,-62.55,-0.85,-61.80
69.2,-69,-70,1.34,-62.66,0.80,-61.13
69.4,-69,-69,-0.42,-60.33,-0.25,-61.34
69.5,-69,-72,3.10,-61.59,1.86,-59.79
69.6,-69,-70,1.34,-57.94,0.80,-59.12
69.7,-69,-69,-0.42,-58.32,-0.25,-59.33
69.8,-69,-69,-0.42,-59.58,-0.25,-59.54
69.9,-69,-69,-0.42,-59.79,-0.25,-59.75
70.0,-69,-69,-0.42,-60.00,-0.25,-59.96
70.1,-69,-69,-0.42,-60.21,-0.25,-60.17
70.2,-69,-69,-0.42,-60.42,-0.25,-60.38
70.4,-69,-69,-0.42,-60.63,-0.25,-60.59
70.5,-69,-70,1.34,-60.84,0.80,-59.92
70.6,-69,-67,-2.18,-59.11,-1.31,-61.01
70.7,-69,-70,1.34,-62.31,0.80,-60.34
70.8,-69,-69,-0.42,-59.53,-0.25,-60.55
70.9,-69,-70,1.34,-60.80,0.80,-59.88
71.0,-69,-69,-0.42,-59.07,-0.25,-60.09
71.1,-71,-69,-2.42,-60.34,-1.45,-61.30
71.2,-69,-69,-0.42,-62.75,-0.25,-61.50
71.4,-69,-70,1.34,-61.76,0.80,-60.83
71.5,-69,-70,1.34,-60.03,0.80,-60.16
71.6,-69,-70,1.34,-59.36,0.80,-59.49
71.7,-69,-69,-0.42,-58.69,-0.25,-59.70
71.8,-69,-69,-0.42,-59.95,-0.25,-59.91
71.9,-69,-70,1.34,-60.16,0.80,-59.24
72.0,-69,-67,-2.18,-58.44,-1.31,-60.33
72.1,-69,-69,-0.42,-61.64,-0.25,-60.54
72.3,-69,-70,1.34,-60.79,0.80,-59.87
72.4,-69,-67,-2.18,-59.07,-1.31,-60.96
72.5,-69,-70,1.34,-62.27,0.80,-60.29
72.6,-69,-69,-0.42,-59.49,-0.25,-60.50
72.7,-69,-70,1.34,-60.75,0.80,-59.83
72.8,-69,-70,1.34,-59.02,0.80,-59.16
72.9,-69,-69,-0.42,-58.35,-0.25,-59.37
73.0,-69,-69,-0.42,-59.62,-0.25,-59.58
73.1,-69,-69,-0.42,-59.83,-0.25,-59.79
73.3,-69,-69,-0.42,-60.04,-0.25,-60.00
73.4,-68,-69,0.58,-60.25,0.35,-59.71
73.5,-66,-69,2.58,-59.36,1.55,-58.41
73.6,-64,-67,2.82,-56.87,1.69,-57.00
73.7,-62,-67,4.82,-55.31,2.89,-54.59
73.8,-60,-65,05.06,-51.70,03.04,-52.06
73.9,-59,-60,0.79,-49.02,0.47,-51.66
74.0,-58,-58,0.03,-51.19,0.02,-51.65
74.1,-57,-53,-4.25,-51.63,-2.55,-53.77
74.3,-57,-53,-4.25,-56.32,-2.55,-55.89
74.4,-57,-55,-2.49,-58.44,-1.49,-57.14
74.5,-57,-56,-0.73,-58.63,-0.44,-57.50
74.6,-57,-60,2.79,-57.94,1.67,-56.11
74.7,-57,-60,2.79,-54.43,1.67,-54.71
74.8,-57,-60,2.79,-53.04,1.67,-53.32
74.9,-57,-58,01.03,-51.64,0.62,-52.80
75.0,-57,-55,-2.49,-52.18,-1.49,-54.05
75.1,-57,-56,-0.73,-55.54,-0.44,-54.41
75.3,-57,-55,-2.49,-54.85,-1.49,-55.65
75.4,-57,-56,-0.73,-57.15,-0.44,-56.02
75.5,-57,-56,-0.73,-56.45,-0.44,-56.38
75.6,-59,-58,-0.97,-56.82,-0.58,-56.87
75.7,-57,-60,2.79,-57.45,1.67,-55.47
75.8,-57,-60,2.79,-53.80,1.67,-54.08
75.9,-57,-58,01.03,-52.40,0.62,-53.56
76.0,-57,-58,01.03,-52.94,0.62,-53.05
76.1,-57,-56,-0.73,-52.43,-0.44,-53.41
76.3,-57,-55,-2.49,-53.85,-1.49,-54.65
76.4,-57,-55,-2.49,-56.15,-1.49,-55.90
76.5,-57,-56,-0.73,-57.39,-0.44,-56.26
76.6,-57,-58,01.03,-56.70,0.62,-55.75
76.7,-57,-58,01.03,-55.13,0.62,-55.23
76.8,-57,-60,2.79,-54.61,1.67,-53.84
76.9,-57,-58,01.03,-52.16,0.62,-53.32
77.0,-57,-58,01.03,-52.70,0.62,-52.81
77.1,-57,-56,-0.73,-52.19,-0.44,-53.17
77.3,-57,-55,-2.49,-53.61,-1.49,-54.41
77.4,-57,-55,-2.49,-55.91,-1.49,-55.66
77.5,-57,-56,-0.73,-57.15,-0.44,-56.02
77.6,-57,-56,-0.73,-56.46,-0.44,-56.38
77.7,-57,-60,2.79,-56.82,1.67,-54.99
77.8,-57,-58,01.03,-53.32,0.62,-54.47
77.9,-58,-58,0.03,-53.86,0.02,-54.46
78.0,-57,-58,01.03,-54.44,0.62,-53.94
78.1,-57,-56,-0.73,-53.33,-0.44,-54.31
78.3,-57,-56,-0.73,-54.75,-0.44,-54.67
78.4,-57,-58,01.03,-55.11,0.62,-54.16
78.5,-57,-56,-0.73,-53.54,-0.44,-54.52
78.6,-57,-56,-0.73,-54.96,-0.44,-54.89
78.7,-57,-56,-0.73,-55.32,-0.44,-55.25
78.8,-57,-58,01.03,-55.69,0.62,-54.73
78.9,-57,-56,-0.73,-54.12,-0.44,-55.10
79.0,-57,-58,01.03,-55.53,0.62,-54.58
79.2,-57,-58,01.03,-53.96,0.62,-54.07
79.3,-57,-56,-0.73,-53.45,-0.44,-54.43
79.4,-57,-56,-0.73,-54.87,-0.44,-54.80
79.5,-57,-56,-0.73,-55.23,-0.44,-55.16
79.6,-57,-56,-0.73,-55.60,-0.44,-55.52
79.7,-57,-58,01.03,-55.96,0.62,-55.01
79.8,-57,-58,01.03,-54.39,0.62,-54.49
79.9,-57,-56,-0.73,-53.87,-0.44,-54.86
80.0,-58,-58,0.03,-55.29,0.02,-54.84
80.2,-59,-56,-2.73,-54.82,-1.64,-56.21
80.3,-58,-56,-1.73,-57.84,-1.04,-57.07
80.4,-57,-60,2.79,-58.11,1.67,-55.68
80.5,-57,-58,01.03,-54.00,0.62,-55.16
80.6,-57,-60,2.79,-54.54,1.67,-53.77
80.7,-57,-58,01.03,-52.09,0.62,-53.25
80.8,-57,-58,01.03,-52.63,0.62,-52.74
80.9,-57,-55,-2.49,-52.12,-1.49,-53.98
81.0,-57,-55,-2.49,-55.47,-1.49,-55.22
81.2,-57,-56,-0.73,-56.71,-0.44,-55.59
81.3,-57,-56,-0.73,-56.02,-0.44,-55.95
81.4,-57,-58,01.03,-56.39,0.62,-55.43
81.5,-57,-58,01.03,-54.82,0.62,-54.92
81.6,-57,-58,01.03,-54.30,0.62,-54.40
81.7,-57,-58,01.03,-53.79,0.62,-53.89
81.8,-57,-56,-0.73,-53.27,-0.44,-54.25
81.9,-57,-58,01.03,-54.69,0.62,-53.74
82.0,-57,-55,-2.49,-53.12,-1.49,-54.98
82.2,-57,-56,-0.73,-56.47,-0.44,-55.34
82.3,-57,-56,-0.73,-55.78,-0.44,-55.71
82.4,-59,-58,-0.97,-56.15,-0.58,-56.19
82.5,-57,-58,01.03,-56.78,0.62,-55.68
82.6,-57,-58,01.03,-55.06,0.62,-55.16
82.7,-57,-58,01.03,-54.54,0.62,-54.65
82.8,-57,-58,01.03,-54.03,0.62,-54.13
82.9,-57,-56,-0.73,-53.51,-0.44,-54.50
83.0,-57,-58,01.03,-54.93,0.62,-53.98
83.2,-57,-56,-0.73,-53.36,-0.44,-54.35
83.3,-57,-56,-0.73,-54.78,-0.44,-54.71
83.4,-57,-56,-0.73,-55.15,-0.44,-55.07
83.5,-57,-56,-0.73,-55.51,-0.44,-55.44
83.6,-57,-58,01.03,-55.87,0.62,-54.92
83.7,-57,-56,-0.73,-54.30,-0.44,-55.29
83.8,-57,-58,01.03,-55.72,0.62,-54.77
83.9,-57,-58,01.03,-54.15,0.62,-54.26
84.0,-57,-56,-0.73,-53.64,-0.44,-54.62
84.2,-57,-58,01.03,-55.06,0.62,-54.10
84.3,-57,-56,-0.73,-53.49,-0.44,-54.47
84.4,-57,-56,-0.73,-54.91,-0.44,-54.83
84.5,-57,-58,01.03,-55.27,0.62,-54.32
84.6,-57,-56,-0.73,-53.70,-0.44,-54.68
84.7,-57,-56,-0.73,-55.12,-0.44,-55.05
84.8,-57,-58,01.03,-55.48,0.62,-54.53
84.9,-57,-56,-0.73,-53.91,-0.44,-54.89
85.1,-57,-58,01.03,-55.33,0.62,-54.38
85.2,-57,-56,-0.73,-53.76,-0.44,-54.74
85.3,-57,-56,-0.73,-55.18,-0.44,-55.11
85.4,-57,-58,01.03,-55.54,0.62,-54.59
85.5,-57,-56,-0.73,-53.97,-0.44,-54.96
85.6,-57,-58,01.03,-55.39,0.62,-54.44
85.7,-57,-56,-0.73,-53.82,-0.44,-54.80
85.8,-57,-58,01.03,-55.24,0.62,-54.29
85.9,-57,-56,-0.73,-53.67,-0.44,-54.65
86.1,-57,-56,-0.73,-55.09,-0.44,-55.02
86.2,-57,-58,01.03,-55.45,0.62,-54.50
86.3,-57,-56,-0.73,-53.88,-0.44,-54.87
86.4,-57,-56,-0.73,-55.30,-0.44,-55.23
86.5,-57,-56,-0.73,-55.67,-0.44,-55.59
86.6,-57,-58,01.03,-56.03,0.62,-55.08
86.7,-57,-56,-0.73,-54.46,-0.44,-55.44
86.8,-57,-58,01.03,-55.88,0.62,-54.93
86.9,-58,-56,-1.73,-54.31,-1.04,-55.79
87.1,-57,-58,01.03,-56.83,0.62,-55.28
87.2,-57,-58,01.03,-54.66,0.62,-54.76
87.3,-57,-56,-0.73,-54.14,-0.44,-55.12
87.4,-57,-58,01.03,-55.56,0.62,-54.61
87.5,-57,-58,01.03,-53.99,0.62,-54.09
87.6,-57,-56,-0.73,-53.48,-0.44,-54.46
87.7,-57,-56,-0.73,-54.90,-0.44,-54.82
87.8,-57,-56,-0.73,-55.26,-0.44,-55.19
87.9,-57,-56,-0.73,-55.62,-0.44,-55.55
88.1,-57,-58,01.03,-55.99,0.62,-55.04
88.2,-57,-56,-0.73,-54.42,-0.44,-55.40
88.3,-57,-58,01.03,-55.84,0.62,-54.88
88.4,-57,-58,01.03,-54.27,0.62,-54.37
88.5,-57,-56,-0.73,-53.75,-0.44,-54.73
88.6,-57,-58,01.03,-55.17,0.62,-54.22
88.7,-57,-55,-2.49,-53.60,-1.49,-55.46
88.8,-57,-58,01.03,-56.95,0.62,-54.95
88.9,-57,-56,-0.73,-54.33,-0.44,-55.31
89.1,-59,-58,-0.97,-55.75,-0.58,-55.79
89.2,-57,-58,01.03,-56.38,0.62,-55.28
89.3,-57,-58,01.03,-54.66,0.62,-54.76
89.4,-57,-58,01.03,-54.15,0.62,-54.25
89.5,-57,-58,01.03,-53.63,0.62,-53.73
89.6,-57,-56,-0.73,-53.12,-0.44,-54.10
89.7,-57,-56,-0.73,-54.53,-0.44,-54.46
89.8,-57,-56,-0.73,-54.90,-0.44,-54.83
90.0,-57,-56,-0.73,-55.26,-0.44,-55.19
90.1,-57,-58,01.03,-55.63,0.62,-54.67
90.2,-57,-56,-0.73,-54.06,-0.44,-55.04
90.3,-57,-56,-0.73,-55.48,-0.44,-55.40
90.4,-57,-58,01.03,-55.84,0.62,-54.89
90.5,-57,-56,-0.73,-54.27,-0.44,-55.25
90.6,-57,-58,01.03,-55.69,0.62,-54.74
90.7,-57,-56,-0.73,-54.12,-0.44,-55.10
90.8,-57,-58,01.03,-55.54,0.62,-54.58
91.0,-57,-58,01.03,-53.97,0.62,-54.07
91.1,-57,-56,-0.73,-53.45,-0.44,-54.43
91.2,-57,-56,-0.73,-54.87,-0.44,-54.80
91.3,-59,-55,-4.49,-55.23,-2.69,-57.04
91.4,-57,-56,-0.73,-59.73,-0.44,-57.40
91.5,-57,-60,2.79,-57.84,1.67,-56.01
91.6,-57,-60,2.79,-54.34,1.67,-54.62
91.7,-57,-60,2.79,-52.94,1.67,-53.22
91.8,-57,-56,-0.73,-51.55,-0.44,-53.59
92.0,-57,-56,-0.73,-54.02,-0.44,-53.95
92.1,-57,-56,-0.73,-54.39,-0.44,-54.31
92.2,-57,-55,-2.49,-54.75,-1.49,-55.56
92.3,-57,-56,-0.73,-57.05,-0.44,-55.92
92.4,-57,-56,-0.73,-56.36,-0.44,-56.28
92.5,-57,-60,2.79,-56.72,1.67,-54.89
92.6,-57,-58,01.03,-53.22,0.62,-54.37
92.7,-57,-58,01.03,-53.76,0.62,-53.86
92.9,-57,-56,-0.73,-53.24,-0.44,-54.22
93.0,-57,-55,-2.49,-54.66,-1.49,-55.47
93.1,-57,-56,-0.73,-56.96,-0.44,-55.83
93.2,-57,-56,-0.73,-56.27,-0.44,-56.19
93.3,-57,-60,2.79,-56.63,1.67,-54.80
93.4,-57,-56,-0.73,-53.13,-0.44,-55.16
93.5,-57,-60,2.79,-55.60,1.67,-53.77
93.6,-57,-56,-0.73,-52.10,-0.44,-54.13
93.7,-57,-56,-0.73,-54.57,-0.44,-54.50
93.9,-57,-56,-0.73,-54.93,-0.44,-54.86
94.0,-57,-55,-2.49,-55.30,-1.49,-56.11
94.1,-57,-58,01.03,-57.60,0.62,-55.59
94.2,-57,-56,-0.73,-54.97,-0.44,-55.95
94.3,-57,-58,01.03,-56.39,0.62,-55.44
94.4,-57,-58,01.03,-54.82,0.62,-54.92
94.5,-57,-56,-0.73,-54.31,-0.44,-55.29
94.6,-57,-58,01.03,-55.72,0.62,-54.77
94.7,-57,-56,-0.73,-54.15,-0.44,-55.14
94.9,-57,-58,01.03,-55.57,0.62,-54.62
95.0,-57,-56,-0.73,-54.00,-0.44,-54.99
95.1,-57,-56,-0.73,-55.42,-0.44,-55.35
95.2,-57,-58,01.03,-55.79,0.62,-54.83
95.3,-57,-56,-0.73,-54.22,-0.44,-55.20
95.4,-57,-58,01.03,-55.63,0.62,-54.68
95.5,-57,-56,-0.73,-54.06,-0.44,-55.05
95.6,-59,-58,-0.97,-55.48,-0.58,-55.53
95.8,-57,-58,01.03,-56.11,0.62,-55.02
95.9,-57,-58,01.03,-54.40,0.62,-54.50
96.0,-57,-58,01.03,-53.88,0.62,-53.99
96.1,-57,-56,-0.73,-53.37,-0.44,-54.35
96.2,-57,-56,-0.73,-54.79,-0.44,-54.71
96.3,-57,-56,-0.73,-55.15,-0.44,-55.08
96.4,-57,-58,01.03,-55.51,0.62,-54.56
96.5,-57,-56,-0.73,-53.94,-0.44,-54.93
96.6,-57,-56,-0.73,-55.36,-0.44,-55.29
96.8,-57,-58,01.03,-55.73,0.62,-54.78
96.9,-57,-56,-0.73,-54.16,-0.44,-55.14
97.0,-57,-58,01.03,-55.58,0.62,-54.62
97.1,-58,-58,0.03,-54.01,0.02,-54.61
97.2,-58,-56,-1.73,-54.59,-1.04,-55.47
97.3,-63,-58,-4.97,-56.51,-2.98,-57.96
97.4,-80,-58,-21.97,-60.94,-13.18,-68.94
97.5,-103,-62,-41.45,-82.12,-24.87,-89.67
97.7,-126,-74,-52.14,-114.54,-31.29,-115.74
97.8,-149,-104,-45.25,-147.03,-27.15,-138.36
97.9,-160,-132,-28.11,-165.51,-16.87,-152.42
98.0,-160,-153,-7.01,-169.29,-4.21,-155.93
98.1,-160,-153,-7.01,-160.13,-4.21,-159.43
98.2,-160,-155,-5.25,-163.64,-3.15,-162.06
98.4,-160,-158,-1.74,-165.21,-1.04,-162.92
98.5,-160,-160,0.02,-163.97,0.01,-162.91
98.6,-160,-158,-1.74,-162.90,-1.04,-163.78
98.7,-160,-162,1.78,-164.82,01.07,-162.89
98.8,-160,-162,1.78,-161.82,01.07,-162.00
98.9,-160,-160,0.02,-160.93,0.01,-161.99
99.0,-160,-162,1.78,-161.97,01.07,-161.10
99.2,-160,-162,1.78,-160.03,01.07,-160.20
99.3,-160,-160,0.02,-159.14,0.01,-160.19
99.4,-160,-160,0.02,-160.18,0.01,-160.18
99.5,-160,-162,1.78,-160.17,01.07,-159.29
99.6,-160,-162,1.78,-158.22,01.07,-158.40
99.7,-160,-164,3.54,-157.33,2.12,-156.63
99.8,-160,-162,1.78,-154.51,01.07,-155.74
100.0,-160,-164,3.54,-154.67,2.12,-153.97
100.1,-160,-164,3.54,-151.84,2.12,-152.20
100.2,-160,-164,3.54,-150.07,2.12,-150.43
100.3,-160,-164,3.54,-148.30,2.12,-148.66
100.4,-149,-162,12.78,-146.53,7.67,-142.27
100.5,-120,-162,41.78,-134.60,25.07,-121.38
100.7,-95,-162,66.78,-96.31,40.07,-87.98
100.8,-93,-149,56.47,-47.92,33.88,-59.75
100.9,-93,-128,35.37,-25.86,21.22,-42.06
101.0,-93,-98,5.48,-20.84,3.29,-39.33
101.1,-92,-67,-25.18,-36.04,-15.11,-51.91
101.2,-84,-49,-34.76,-67.02,-20.86,-69.29
101.3,-54,-51,-3.00,-90.15,-1.80,-70.80
101.5,0,-72,72.10,-72.60,43.26,-34.75
101.6,56,-84,140.41,8.51,84.24,35.46
101.7,96,-67,162.82,119.70,97.69,116.87
101.8,124,11,113.45,214.56,68.07,173.59
101.9,146,100,45.77,241.66,27.46,196.48
102.0,160,149,10.53,223.93,6.32,201.74
102.1,160,160,-0.02,208.06,-0.01,201.73
102.2,160,164,-3.54,201.71,-2.12,199.96
102.4,160,165,-5.30,197.83,-3.18,197.31
102.5,160,165,-5.30,194.13,-3.18,194.66
102.6,160,165,-5.30,191.48,-3.18,192.01
102.7,159,165,-6.30,188.83,-3.78,188.86
102.8,160,167,-7.06,185.08,-4.23,185.33
102.9,160,165,-5.30,181.10,-3.18,182.68
103.0,160,165,-5.30,179.50,-3.18,180.03
103.1,160,165,-5.30,176.85,-3.18,177.38
103.3,160,165,-5.30,174.20,-3.18,174.73
103.4,160,164,-3.54,171.55,-2.12,172.96
103.5,160,165,-5.30,170.84,-3.18,170.31
103.6,160,165,-5.30,167.13,-3.18,167.66
103.7,159,164,-4.54,164.48,-2.72,165.39
103.8,160,164,-3.54,162.67,-2.12,163.62
103.9,160,162,-1.78,161.50,-1.07,162.73
104.1,160,164,-3.54,161.66,-2.12,160.96
104.2,160,164,-3.54,158.84,-2.12,159.19
104.3,160,162,-1.78,157.07,-1.07,158.30
104.4,160,164,-3.54,157.23,-2.12,156.53
104.5,154,164,-9.54,154.41,-5.72,151.76
104.6,149,162,-12.78,146.04,-7.67,145.37
104.7,147,162,-14.78,137.70,-8.87,137.98
104.9,144,158,-14.26,129.11,-8.56,130.85
105.0,141,157,-15.51,122.29,-9.30,123.09
105.1,137,153,-15.99,113.79,-9.59,115.10
105.2,133,148,-14.71,105.50,-8.83,107.74
105.3,129,144,-15.20,98.91,-9.12,100.14
105.4,124,139,-14.92,91.02,-8.95,92.68
105.5,119,130,-11.13,83.73,-6.68,87.12
105.6,112,125,-12.85,80.44,-7.71,80.69
105.8,105,120,-14.58,72.98,-8.75,73.40
105.9,101,113,-11.54,64.65,-6.93,67.63
106.0,98,104,-5.75,60.70,-3.45,64.75
106.1,94,95,-0.96,61.30,-0.58,64.27
106.2,91,88,03.08,63.70,1.85,65.81
106.3,90,83,7.35,67.66,4.41,69.49
106.4,88,83,5.35,73.90,3.21,72.16
106.5,87,86,0.83,75.37,0.50,72.58
106.6,85,90,-4.68,73.08,-2.81,70.24
106.7,83,93,-10.20,67.43,-6.12,65.14
106.9,83,95,-11.96,59.02,-7.18,59.16
107.0,83,90,-6.68,51.98,-4.01,55.82
107.1,82,83,-0.65,51.81,-0.39,55.49
107.2,81,74,7.14,55.10,4.29,59.06
107.3,81,69,12.42,63.35,7.45,65.27
107.4,80,70,9.66,72.72,5.80,70.10
107.5,78,76,2.38,75.90,1.43,71.29
107.6,77,83,-5.65,72.73,-3.39,68.47
107.7,75,90,-14.68,65.08,-8.81,61.13
107.8,74,90,-15.68,52.32,-9.41,53.29
107.9,73,84,-11.41,43.88,-6.84,47.58
108.1,72,74,-1.86,40.74,-1.11,46.65
108.2,71,63,7.69,45.54,4.62,50.50
108.3,70,53,17.25,55.12,10.35,59.12
108.4,70,55,15.49,69.47,9.29,66.87
108.5,70,62,8.45,76.16,05.07,71.09
108.6,70,72,-2.10,76.16,-1.26,70.04
108.7,70,86,-16.17,68.78,-9.70,61.96
108.8,70,88,-17.92,52.26,-10.75,53.00
108.9,70,86,-16.17,42.24,-9.70,44.91
109.0,70,72,-2.10,35.21,-1.26,43.87
109.1,70,60,10.21,42.61,6.13,48.97
109.2,70,49,20.76,55.10,12.46,59.35
109.4,70,49,20.76,71.81,12.46,69.73
109.5,70,62,8.45,82.19,05.07,73.96
109.6,70,76,-5.62,79.03,-3.37,71.15
109.7,70,88,-17.92,67.78,-10.75,62.19
109.8,70,93,-23.20,51.43,-13.92,50.59
109.9,71,88,-16.92,36.67,-10.15,42.13
110.0,70,74,-3.86,31.97,-2.31,40.20
110.1,70,56,13.73,37.88,8.24,47.06
110.2,70,44,26.04,55.30,15.62,60.08
110.3,70,46,24.28,75.70,14.57,72.22
110.5,70,58,11.97,86.79,7.18,78.20
110.6,70,77,-7.37,85.39,-4.42,74.52
110.7,70,91,-21.44,70.09,-12.87,63.80
110.8,70,98,-28.48,50.93,-17.09,49.56
110.9,70,91,-21.44,32.47,-12.87,38.84
111.0,70,76,-5.62,25.97,-3.37,36.03
111.1,70,56,13.73,32.66,8.24,42.89
111.2,70,39,31.31,51.13,18.79,58.55
111.3,70,39,31.31,77.34,18.79,74.21
111.4,70,53,17.25,92.99,10.35,82.83
111.6,70,79,-9.13,93.18,-5.48,78.26
111.7,70,97,-26.72,72.78,-16.03,64.90
111.8,70,104,-33.75,48.87,-20.25,48.03
111.9,70,95,-24.96,27.78,-14.98,35.55
112.0,70,76,-5.62,20.57,-3.37,32.74
112.1,70,53,17.25,29.37,10.35,41.36
112.2,70,37,33.07,51.71,19.84,57.90
112.3,70,33,36.59,77.74,21.95,76.19
112.4,70,53,17.25,98.15,10.35,84.82
112.5,70,79,-9.13,95.16,-5.48,80.25
112.6,70,100,-30.23,74.77,-18.14,65.13
112.8,70,107,-37.27,46.99,-22.36,46.50
112.9,70,97,-26.72,24.14,-16.03,33.14
113.0,70,76,-5.62,17.11,-3.37,30.33
113.1,70,51,19.00,26.96,11.40,39.83
113.2,70,32,38.35,51.24,23.01,59.01
113.3,70,32,38.35,82.02,23.01,78.18
113.4,70,51,19.00,101.19,11.40,87.68
113.5,70,83,-12.65,99.09,-7.59,81.36
113.6,70,104,-33.75,73.77,-20.25,64.48
113.8,70,111,-40.79,44.23,-24.47,44.09
113.9,70,98,-28.48,19.62,-17.09,29.85
114.0,70,76,-5.62,12.77,-3.37,27.04
114.1,70,49,20.76,23.67,12.46,37.43
114.2,71,30,41.11,49.88,24.66,57.98
114.3,70,26,43.62,82.64,26.17,79.79
114.4,70,47,22.52,105.96,13.51,91.05
114.5,70,83,-12.65,104.56,-7.59,84.72
114.6,70,109,-39.03,77.14,-23.42,65.21
114.7,70,114,-44.30,41.80,-26.58,43.06
114.9,70,100,-30.23,16.48,-18.14,27.94
115.0,70,77,-7.37,9.80,-4.42,24.26
115.1,70,47,22.52,19.83,13.51,35.52
115.2,70,26,43.62,49.03,26.17,57.33
115.3,70,25,45.38,83.50,27.23,80.02
115.4,70,47,22.52,107.25,13.51,91.28
115.5,70,83,-12.65,104.79,-7.59,84.95
115.6,68,109,-41.03,77.36,-24.62,64.44
115.7,64,114,-50.30,39.82,-30.18,39.29
115.9,61,102,-40.99,9.11,-24.60,18.79
116.0,59,76,-16.62,-5.80,-9.97,10.48
116.1,59,46,13.28,0.52,7.97,17.12
116.2,59,19,39.66,25.09,23.79,36.95
116.3,59,2,57.24,60.75,34.34,65.57
116.4,59,2,57.24,99.92,34.34,94.19
116.5,58,16,42.17,128.54,25.30,115.28
116.6,59,79,-20.13,140.58,-12.08,105.21
116.7,59,120,-60.58,93.13,-36.35,74.93
116.8,59,132,-72.89,38.58,-43.73,38.48
117.0,59,114,-55.30,-5.25,-33.18,10.83
117.1,59,84,-25.41,-22.35,-15.24,-1.87
117.2,59,47,11.52,-17.12,6.91,3.89
117.3,59,9,50.21,10.80,30.12,28.99
117.4,59,0,59.00,59.11,35.40,58.49
117.5,59,4,55.48,93.89,33.29,86.23
117.6,59,16,43.17,119.52,25.90,107.82
117.7,59,74,-14.86,133.72,-8.91,100.39
117.8,59,114,-55.30,91.48,-33.18,72.74
118.0,59,127,-67.61,39.56,-40.57,38.93
118.1,58,113,-54.54,-1.63,-32.73,11.66
118.2,59,84,-25.41,-21.07,-15.24,-1.04
118.3,59,47,11.52,-16.29,6.91,4.72
118.4,59,16,43.17,11.63,25.90,26.30
118.5,58,0,58.00,52.21,34.80,55.30
118.6,59,0,59.00,90.10,35.40,84.80
118.7,59,0,59.00,120.20,35.40,114.30
118.8,59,40,18.55,149.70,11.13,123.58
118.9,60,104,-43.75,134.71,-26.25,101.71
119.1,58,137,-79.16,75.45,-47.50,62.12
119.2,59,134,-74.65,14.63,-44.79,24.80
119.3,59,109,-50.03,-19.99,-30.02,-0.21
119.4,59,74,-14.86,-30.23,-8.91,-7.64
119.5,59,25,34.38,-16.56,20.63,9.55
119.6,59,2,57.24,30.18,34.34,38.17
119.7,59,0,59.00,72.52,35.40,67.67
119.8,59,2,57.24,103.07,34.34,96.29
119.9,59,19,39.66,130.64,23.79,116.12
120.1,61,83,-21.65,139.91,-12.99,105.29